Part_No,Defect_Code,Events,Warranty_Flags
378-DEF,Unknown,4,1
310-DEF,Unknown,3,1
376-ABC,Unknown,3,1
577-ABC,TORQ_OOS,3,1
910-ABC,Unknown,3,1
123-GHI,TORQ_OOS,2,1
143-DEF,LEAK,2,1
228-ABC,LEAK,2,1
237-GHI,LEAK,2,1
327-GHI,LEAK,2,1
349-ABC,LEAK,2,1
415-DEF,Unknown,2,1
417-DEF,TORQ_OOS,2,1
438-GHI,TEMP_OOS,2,1
478-JKL,Unknown,2,1
530-GHI,Unknown,2,1
566-DEF,Unknown,2,1
649-JKL,LEAK,2,1
683-GHI,Unknown,2,1
706-JKL,TORQ_OOS,2,1
830-GHI,Unknown,2,1
876-ABC,Unknown,2,1
962-JKL,LEAK,2,1
970-JKL,LEAK,2,1
123-DEF,TORQ_OOS,1,1
126-ABC,TORQ_OOS,1,1
162-ABC,Unknown,1,1
187-ABC,Unknown,1,1
190-ABC,TEMP_OOS,1,1
192-GHI,VISUAL,1,1
225-ABC,TORQ_OOS,1,1
234-JKL,TORQ_OOS,1,1
247-JKL,TORQ_OOS,1,1
250-ABC,LEAK,1,1
288-ABC,VISUAL,1,1
294-DEF,TORQ_OOS,1,1
328-DEF,LEAK,1,1
344-ABC,VISUAL,1,1
365-GHI,Unknown,1,1
365-JKL,TORQ_OOS,1,1
381-ABC,TORQ_OOS,1,1
401-JKL,TEMP_OOS,1,1
402-DEF,TORQ_OOS,1,1
416-GHI,TEMP_OOS,1,1
436-GHI,Unknown,1,1
436-JKL,LEAK,1,1
445-GHI,TEMP_OOS,1,1
447-GHI,TORQ_OOS,1,1
452-ABC,LEAK,1,1
470-ABC,TEMP_OOS,1,1
498-ABC,Unknown,1,1
517-JKL,Unknown,1,1
533-GHI,Unknown,1,1
548-GHI,TEMP_OOS,1,1
559-JKL,VISUAL,1,1
567-DEF,TEMP_OOS,1,1
567-JKL,Unknown,1,1
588-GHI,Unknown,1,1
589-ABC,VISUAL,1,1
595-GHI,LEAK,1,1
620-GHI,Unknown,1,1
634-ABC,Unknown,1,1
642-JKL,VISUAL,1,1
682-JKL,TEMP_OOS,1,1
689-GHI,VISUAL,1,1
693-JKL,Unknown,1,1
701-DEF,Unknown,1,1
703-JKL,Unknown,1,1
730-ABC,TORQ_OOS,1,1
737-GHI,LEAK,1,1
756-DEF,TORQ_OOS,1,1
760-JKL,Unknown,1,1
769-GHI,TORQ_OOS,1,1
775-DEF,Unknown,1,1
792-DEF,LEAK,1,1
798-ABC,TORQ_OOS,1,1
810-DEF,Unknown,1,1
897-GHI,Unknown,1,1
899-JKL,Unknown,1,1
914-DEF,Unknown,1,1
916-GHI,Unknown,1,1
917-JKL,TEMP_OOS,1,1
934-DEF,Unknown,1,1
934-JKL,TORQ_OOS,1,1
938-GHI,TORQ_OOS,1,1
948-DEF,TEMP_OOS,1,1
962-GHI,Unknown,1,1
965-ABC,TEMP_OOS,1,1
971-DEF,Unknown,1,1
982-ABC,LEAK,1,1
993-JKL,TORQ_OOS,1,1
997-DEF,LEAK,1,1
238-JKL,TORQ_OOS,4,0
387-DEF,Unknown,4,0
413-JKL,Unknown,4,0
684-ABC,TORQ_OOS,4,0
757-DEF,LEAK,4,0
105-DEF,Unknown,3,0
105-JKL,Unknown,3,0
125-JKL,Unknown,3,0
131-JKL,Unknown,3,0
141-JKL,Unknown,3,0
144-DEF,Unknown,3,0
178-DEF,TEMP_OOS,3,0
180-DEF,Unknown,3,0
197-GHI,Unknown,3,0
283-GHI,Unknown,3,0
333-DEF,Unknown,3,0
340-ABC,Unknown,3,0
346-JKL,Unknown,3,0
375-JKL,Unknown,3,0
408-ABC,VISUAL,3,0
419-JKL,Unknown,3,0
444-GHI,TEMP_OOS,3,0
526-GHI,Unknown,3,0
553-GHI,TEMP_OOS,3,0
599-GHI,Unknown,3,0
600-JKL,Unknown,3,0
652-GHI,Unknown,3,0
664-ABC,Unknown,3,0
670-JKL,Unknown,3,0
693-GHI,LEAK,3,0
702-ABC,Unknown,3,0
725-JKL,Unknown,3,0
728-JKL,Unknown,3,0
739-DEF,Unknown,3,0
740-JKL,LEAK,3,0
753-JKL,Unknown,3,0
779-JKL,LEAK,3,0
784-ABC,Unknown,3,0
826-GHI,Unknown,3,0
841-ABC,Unknown,3,0
858-ABC,Unknown,3,0
860-DEF,TORQ_OOS,3,0
893-JKL,Unknown,3,0
967-ABC,Unknown,3,0
103-GHI,TORQ_OOS,2,0
103-JKL,Unknown,2,0
105-GHI,TEMP_OOS,2,0
106-ABC,Unknown,2,0
106-GHI,Unknown,2,0
108-ABC,Unknown,2,0
109-GHI,Unknown,2,0
110-ABC,Unknown,2,0
110-GHI,Unknown,2,0
112-JKL,TORQ_OOS,2,0
117-JKL,Unknown,2,0
119-GHI,Unknown,2,0
120-ABC,Unknown,2,0
121-ABC,TORQ_OOS,2,0
122-GHI,Unknown,2,0
126-JKL,Unknown,2,0
127-ABC,TEMP_OOS,2,0
127-DEF,Unknown,2,0
128-ABC,VISUAL,2,0
129-DEF,Unknown,2,0
130-ABC,LEAK,2,0
130-ABC,TORQ_OOS,2,0
130-GHI,Unknown,2,0
132-ABC,TORQ_OOS,2,0
135-JKL,Unknown,2,0
136-GHI,Unknown,2,0
136-JKL,VISUAL,2,0
139-DEF,Unknown,2,0
140-ABC,Unknown,2,0
145-ABC,Unknown,2,0
146-ABC,Unknown,2,0
146-GHI,TEMP_OOS,2,0
147-JKL,Unknown,2,0
154-GHI,Unknown,2,0
154-JKL,Unknown,2,0
156-JKL,Unknown,2,0
159-DEF,Unknown,2,0
160-DEF,Unknown,2,0
163-ABC,LEAK,2,0
163-DEF,Unknown,2,0
163-JKL,Unknown,2,0
167-ABC,Unknown,2,0
168-DEF,Unknown,2,0
169-ABC,Unknown,2,0
171-ABC,Unknown,2,0
173-ABC,Unknown,2,0
175-ABC,Unknown,2,0
175-GHI,Unknown,2,0
175-JKL,TORQ_OOS,2,0
177-JKL,Unknown,2,0
178-GHI,Unknown,2,0
179-ABC,Unknown,2,0
183-ABC,Unknown,2,0
186-GHI,Unknown,2,0
188-GHI,LEAK,2,0
189-ABC,TORQ_OOS,2,0
191-GHI,Unknown,2,0
192-DEF,TORQ_OOS,2,0
194-ABC,TEMP_OOS,2,0
198-GHI,Unknown,2,0
201-DEF,TORQ_OOS,2,0
201-DEF,Unknown,2,0
201-JKL,Unknown,2,0
202-ABC,Unknown,2,0
202-JKL,Unknown,2,0
203-ABC,TORQ_OOS,2,0
203-GHI,Unknown,2,0
207-GHI,Unknown,2,0
210-GHI,LEAK,2,0
213-ABC,Unknown,2,0
213-DEF,TORQ_OOS,2,0
213-JKL,TEMP_OOS,2,0
218-JKL,Unknown,2,0
219-JKL,Unknown,2,0
223-ABC,LEAK,2,0
223-ABC,Unknown,2,0
224-GHI,Unknown,2,0
229-DEF,Unknown,2,0
231-ABC,Unknown,2,0
231-DEF,TEMP_OOS,2,0
233-DEF,Unknown,2,0
233-JKL,TORQ_OOS,2,0
236-GHI,Unknown,2,0
238-DEF,Unknown,2,0
239-JKL,TEMP_OOS,2,0
240-GHI,Unknown,2,0
241-DEF,TORQ_OOS,2,0
241-JKL,LEAK,2,0
243-DEF,Unknown,2,0
243-JKL,Unknown,2,0
246-ABC,Unknown,2,0
249-ABC,Unknown,2,0
250-JKL,Unknown,2,0
258-GHI,Unknown,2,0
260-GHI,TEMP_OOS,2,0
261-DEF,TORQ_OOS,2,0
265-GHI,TORQ_OOS,2,0
265-GHI,Unknown,2,0
266-JKL,LEAK,2,0
267-ABC,TEMP_OOS,2,0
268-JKL,TORQ_OOS,2,0
269-DEF,TEMP_OOS,2,0
269-DEF,TORQ_OOS,2,0
269-JKL,Unknown,2,0
272-GHI,Unknown,2,0
274-DEF,Unknown,2,0
277-ABC,TEMP_OOS,2,0
277-GHI,TEMP_OOS,2,0
280-DEF,LEAK,2,0
281-DEF,Unknown,2,0
285-DEF,TEMP_OOS,2,0
285-GHI,Unknown,2,0
287-GHI,Unknown,2,0
292-ABC,TORQ_OOS,2,0
293-JKL,Unknown,2,0
295-DEF,Unknown,2,0
301-JKL,TORQ_OOS,2,0
302-ABC,Unknown,2,0
302-DEF,Unknown,2,0
307-DEF,Unknown,2,0
312-ABC,Unknown,2,0
313-DEF,TORQ_OOS,2,0
313-GHI,TEMP_OOS,2,0
314-JKL,Unknown,2,0
316-JKL,Unknown,2,0
317-ABC,LEAK,2,0
317-DEF,VISUAL,2,0
321-GHI,TEMP_OOS,2,0
323-JKL,Unknown,2,0
324-DEF,Unknown,2,0
325-DEF,TORQ_OOS,2,0
326-DEF,Unknown,2,0
330-GHI,TORQ_OOS,2,0
333-GHI,Unknown,2,0
334-GHI,VISUAL,2,0
335-JKL,Unknown,2,0
338-DEF,TORQ_OOS,2,0
338-JKL,TEMP_OOS,2,0
341-ABC,LEAK,2,0
341-DEF,Unknown,2,0
346-ABC,TORQ_OOS,2,0
347-DEF,Unknown,2,0
347-JKL,TORQ_OOS,2,0
350-ABC,Unknown,2,0
350-GHI,Unknown,2,0
351-JKL,VISUAL,2,0
354-JKL,TORQ_OOS,2,0
356-DEF,VISUAL,2,0
357-GHI,Unknown,2,0
360-DEF,Unknown,2,0
361-ABC,VISUAL,2,0
361-GHI,TEMP_OOS,2,0
362-ABC,Unknown,2,0
362-DEF,Unknown,2,0
362-GHI,Unknown,2,0
363-GHI,Unknown,2,0
364-ABC,Unknown,2,0
365-ABC,TEMP_OOS,2,0
365-DEF,TEMP_OOS,2,0
366-ABC,TEMP_OOS,2,0
366-GHI,TEMP_OOS,2,0
369-ABC,TEMP_OOS,2,0
370-DEF,TORQ_OOS,2,0
372-ABC,Unknown,2,0
377-GHI,Unknown,2,0
379-ABC,TEMP_OOS,2,0
381-GHI,Unknown,2,0
382-GHI,TORQ_OOS,2,0
383-JKL,LEAK,2,0
389-ABC,Unknown,2,0
389-JKL,Unknown,2,0
391-GHI,Unknown,2,0
394-DEF,LEAK,2,0
394-DEF,TORQ_OOS,2,0
396-ABC,LEAK,2,0
397-DEF,TORQ_OOS,2,0
399-ABC,Unknown,2,0
400-ABC,Unknown,2,0
401-GHI,Unknown,2,0
402-ABC,TEMP_OOS,2,0
402-ABC,Unknown,2,0
403-ABC,LEAK,2,0
404-DEF,Unknown,2,0
407-GHI,Unknown,2,0
408-DEF,Unknown,2,0
408-GHI,Unknown,2,0
409-ABC,TEMP_OOS,2,0
411-DEF,Unknown,2,0
412-DEF,TORQ_OOS,2,0
413-DEF,Unknown,2,0
414-GHI,Unknown,2,0
416-GHI,Unknown,2,0
417-ABC,Unknown,2,0
421-GHI,Unknown,2,0
422-JKL,TEMP_OOS,2,0
422-JKL,Unknown,2,0
423-JKL,Unknown,2,0
425-ABC,Unknown,2,0
429-ABC,LEAK,2,0
429-GHI,TORQ_OOS,2,0
432-JKL,Unknown,2,0
435-DEF,Unknown,2,0
436-DEF,Unknown,2,0
437-ABC,TEMP_OOS,2,0
439-JKL,TEMP_OOS,2,0
440-GHI,Unknown,2,0
444-JKL,TORQ_OOS,2,0
447-ABC,VISUAL,2,0
450-GHI,Unknown,2,0
453-JKL,Unknown,2,0
459-DEF,Unknown,2,0
460-DEF,TORQ_OOS,2,0
468-DEF,TEMP_OOS,2,0
475-DEF,LEAK,2,0
478-GHI,Unknown,2,0
480-JKL,Unknown,2,0
481-GHI,Unknown,2,0
481-JKL,LEAK,2,0
483-DEF,VISUAL,2,0
486-ABC,Unknown,2,0
489-GHI,Unknown,2,0
495-GHI,TORQ_OOS,2,0
496-JKL,Unknown,2,0
497-DEF,Unknown,2,0
500-GHI,TEMP_OOS,2,0
504-GHI,Unknown,2,0
505-ABC,Unknown,2,0
506-JKL,TORQ_OOS,2,0
507-JKL,Unknown,2,0
508-ABC,LEAK,2,0
509-ABC,Unknown,2,0
510-GHI,LEAK,2,0
512-GHI,Unknown,2,0
515-JKL,TORQ_OOS,2,0
518-DEF,LEAK,2,0
518-JKL,Unknown,2,0
519-JKL,Unknown,2,0
522-ABC,Unknown,2,0
525-DEF,TORQ_OOS,2,0
525-JKL,Unknown,2,0
531-ABC,Unknown,2,0
531-DEF,TORQ_OOS,2,0
532-DEF,Unknown,2,0
532-JKL,Unknown,2,0
533-ABC,TORQ_OOS,2,0
536-JKL,LEAK,2,0
537-JKL,TEMP_OOS,2,0
539-ABC,LEAK,2,0
541-DEF,Unknown,2,0
542-JKL,TEMP_OOS,2,0
545-JKL,Unknown,2,0
548-GHI,Unknown,2,0
549-DEF,Unknown,2,0
551-GHI,LEAK,2,0
551-JKL,Unknown,2,0
552-ABC,Unknown,2,0
553-ABC,Unknown,2,0
553-DEF,Unknown,2,0
555-JKL,Unknown,2,0
558-DEF,LEAK,2,0
560-ABC,TEMP_OOS,2,0
561-GHI,TEMP_OOS,2,0
563-ABC,Unknown,2,0
564-GHI,Unknown,2,0
565-JKL,TORQ_OOS,2,0
565-JKL,Unknown,2,0
567-GHI,Unknown,2,0
570-JKL,Unknown,2,0
572-ABC,LEAK,2,0
574-DEF,TEMP_OOS,2,0
574-GHI,Unknown,2,0
576-DEF,Unknown,2,0
582-JKL,Unknown,2,0
583-ABC,TEMP_OOS,2,0
583-GHI,Unknown,2,0
584-GHI,LEAK,2,0
591-GHI,TORQ_OOS,2,0
593-ABC,TORQ_OOS,2,0
593-GHI,LEAK,2,0
600-ABC,Unknown,2,0
602-ABC,TORQ_OOS,2,0
602-GHI,Unknown,2,0
603-JKL,Unknown,2,0
608-ABC,TEMP_OOS,2,0
609-DEF,TORQ_OOS,2,0
614-GHI,TORQ_OOS,2,0
615-DEF,Unknown,2,0
620-ABC,Unknown,2,0
622-JKL,TORQ_OOS,2,0
623-DEF,Unknown,2,0
624-GHI,Unknown,2,0
627-ABC,LEAK,2,0
628-JKL,Unknown,2,0
630-GHI,Unknown,2,0
632-ABC,Unknown,2,0
633-JKL,Unknown,2,0
634-DEF,TORQ_OOS,2,0
636-DEF,Unknown,2,0
636-JKL,TORQ_OOS,2,0
642-JKL,LEAK,2,0
644-ABC,Unknown,2,0
644-GHI,VISUAL,2,0
651-DEF,Unknown,2,0
656-ABC,TORQ_OOS,2,0
657-JKL,LEAK,2,0
659-GHI,TEMP_OOS,2,0
660-JKL,LEAK,2,0
663-JKL,LEAK,2,0
668-ABC,Unknown,2,0
672-ABC,TORQ_OOS,2,0
676-GHI,Unknown,2,0
677-JKL,Unknown,2,0
682-JKL,Unknown,2,0
683-JKL,Unknown,2,0
686-ABC,TORQ_OOS,2,0
687-ABC,TORQ_OOS,2,0
690-GHI,LEAK,2,0
691-ABC,TEMP_OOS,2,0
691-ABC,Unknown,2,0
691-JKL,Unknown,2,0
692-ABC,Unknown,2,0
694-JKL,TORQ_OOS,2,0
696-GHI,Unknown,2,0
698-JKL,Unknown,2,0
705-DEF,VISUAL,2,0
705-GHI,Unknown,2,0
707-ABC,Unknown,2,0
710-JKL,Unknown,2,0
712-DEF,Unknown,2,0
722-JKL,Unknown,2,0
723-ABC,LEAK,2,0
727-JKL,Unknown,2,0
728-ABC,Unknown,2,0
732-ABC,TORQ_OOS,2,0
732-DEF,TEMP_OOS,2,0
732-GHI,Unknown,2,0
736-ABC,Unknown,2,0
740-ABC,TORQ_OOS,2,0
743-JKL,TEMP_OOS,2,0
744-ABC,Unknown,2,0
746-DEF,Unknown,2,0
747-GHI,Unknown,2,0
752-GHI,Unknown,2,0
754-DEF,Unknown,2,0
755-JKL,LEAK,2,0
757-ABC,Unknown,2,0
757-JKL,Unknown,2,0
759-ABC,Unknown,2,0
759-DEF,LEAK,2,0
761-ABC,Unknown,2,0
765-ABC,Unknown,2,0
768-GHI,Unknown,2,0
778-GHI,Unknown,2,0
778-JKL,TEMP_OOS,2,0
778-JKL,VISUAL,2,0
780-JKL,LEAK,2,0
782-JKL,Unknown,2,0
784-JKL,Unknown,2,0
787-JKL,Unknown,2,0
790-ABC,Unknown,2,0
791-JKL,Unknown,2,0
794-ABC,Unknown,2,0
797-JKL,Unknown,2,0
798-GHI,LEAK,2,0
800-GHI,Unknown,2,0
801-GHI,Unknown,2,0
804-DEF,Unknown,2,0
804-GHI,Unknown,2,0
808-GHI,Unknown,2,0
809-DEF,Unknown,2,0
811-ABC,TEMP_OOS,2,0
812-JKL,Unknown,2,0
816-GHI,TEMP_OOS,2,0
817-JKL,Unknown,2,0
819-DEF,Unknown,2,0
819-JKL,TEMP_OOS,2,0
820-DEF,TORQ_OOS,2,0
820-DEF,VISUAL,2,0
822-GHI,Unknown,2,0
823-GHI,TEMP_OOS,2,0
824-JKL,TORQ_OOS,2,0
825-ABC,TEMP_OOS,2,0
825-DEF,LEAK,2,0
829-DEF,TORQ_OOS,2,0
829-DEF,Unknown,2,0
832-GHI,TEMP_OOS,2,0
833-JKL,Unknown,2,0
836-JKL,Unknown,2,0
838-GHI,LEAK,2,0
846-ABC,Unknown,2,0
848-DEF,LEAK,2,0
850-JKL,Unknown,2,0
851-DEF,TORQ_OOS,2,0
852-DEF,LEAK,2,0
854-DEF,Unknown,2,0
856-ABC,Unknown,2,0
856-GHI,Unknown,2,0
857-JKL,Unknown,2,0
862-GHI,Unknown,2,0
867-GHI,Unknown,2,0
868-JKL,Unknown,2,0
872-GHI,Unknown,2,0
874-JKL,Unknown,2,0
876-GHI,TEMP_OOS,2,0
876-JKL,Unknown,2,0
877-ABC,LEAK,2,0
878-DEF,Unknown,2,0
881-DEF,Unknown,2,0
883-ABC,Unknown,2,0
886-ABC,Unknown,2,0
886-JKL,LEAK,2,0
886-JKL,TEMP_OOS,2,0
887-DEF,Unknown,2,0
889-DEF,TORQ_OOS,2,0
890-ABC,Unknown,2,0
893-JKL,LEAK,2,0
899-DEF,Unknown,2,0
903-DEF,TORQ_OOS,2,0
907-GHI,Unknown,2,0
908-JKL,Unknown,2,0
909-DEF,TORQ_OOS,2,0
914-GHI,Unknown,2,0
915-DEF,TORQ_OOS,2,0
918-ABC,Unknown,2,0
918-JKL,Unknown,2,0
922-GHI,Unknown,2,0
923-JKL,Unknown,2,0
930-ABC,LEAK,2,0
930-ABC,VISUAL,2,0
930-DEF,Unknown,2,0
936-ABC,TEMP_OOS,2,0
938-GHI,Unknown,2,0
940-DEF,Unknown,2,0
943-ABC,LEAK,2,0
943-JKL,Unknown,2,0
945-ABC,TORQ_OOS,2,0
947-DEF,TORQ_OOS,2,0
957-ABC,VISUAL,2,0
959-DEF,TEMP_OOS,2,0
959-JKL,Unknown,2,0
960-GHI,Unknown,2,0
961-GHI,Unknown,2,0
965-ABC,TORQ_OOS,2,0
965-GHI,Unknown,2,0
965-JKL,TORQ_OOS,2,0
966-ABC,TORQ_OOS,2,0
966-DEF,Unknown,2,0
970-GHI,Unknown,2,0
973-DEF,VISUAL,2,0
976-DEF,Unknown,2,0
976-GHI,Unknown,2,0
977-DEF,Unknown,2,0
977-GHI,LEAK,2,0
980-DEF,Unknown,2,0
981-GHI,Unknown,2,0
983-DEF,Unknown,2,0
984-JKL,Unknown,2,0
987-DEF,Unknown,2,0
990-GHI,VISUAL,2,0
991-JKL,Unknown,2,0
995-JKL,TORQ_OOS,2,0
998-GHI,TEMP_OOS,2,0
100-ABC,TEMP_OOS,1,0
100-GHI,TEMP_OOS,1,0
100-GHI,VISUAL,1,0
101-GHI,TEMP_OOS,1,0
101-JKL,VISUAL,1,0
102-ABC,TEMP_OOS,1,0
102-GHI,TORQ_OOS,1,0
102-GHI,VISUAL,1,0
103-ABC,TORQ_OOS,1,0
103-GHI,Unknown,1,0
104-ABC,TORQ_OOS,1,0
104-DEF,VISUAL,1,0
104-GHI,LEAK,1,0
105-DEF,LEAK,1,0
105-DEF,TEMP_OOS,1,0
105-DEF,VISUAL,1,0
105-GHI,TORQ_OOS,1,0
105-GHI,Unknown,1,0
105-JKL,LEAK,1,0
105-JKL,TEMP_OOS,1,0
106-DEF,LEAK,1,0
106-GHI,LEAK,1,0
107-ABC,Unknown,1,0
107-ABC,VISUAL,1,0
107-DEF,LEAK,1,0
107-DEF,Unknown,1,0
107-JKL,TORQ_OOS,1,0
107-JKL,VISUAL,1,0
108-DEF,TORQ_OOS,1,0
108-JKL,LEAK,1,0
108-JKL,TEMP_OOS,1,0
109-DEF,Unknown,1,0
109-GHI,VISUAL,1,0
110-DEF,LEAK,1,0
110-DEF,TORQ_OOS,1,0
110-GHI,LEAK,1,0
112-ABC,Unknown,1,0
112-GHI,TEMP_OOS,1,0
112-GHI,Unknown,1,0
112-JKL,LEAK,1,0
112-JKL,TEMP_OOS,1,0
113-ABC,LEAK,1,0
113-DEF,Unknown,1,0
113-GHI,LEAK,1,0
113-JKL,Unknown,1,0
114-ABC,TORQ_OOS,1,0
114-ABC,Unknown,1,0
114-GHI,TEMP_OOS,1,0
114-GHI,Unknown,1,0
114-JKL,TORQ_OOS,1,0
115-DEF,TORQ_OOS,1,0
115-GHI,Unknown,1,0
115-JKL,Unknown,1,0
116-ABC,LEAK,1,0
116-ABC,Unknown,1,0
116-DEF,VISUAL,1,0
116-GHI,Unknown,1,0
116-JKL,LEAK,1,0
116-JKL,TEMP_OOS,1,0
116-JKL,Unknown,1,0
117-GHI,Unknown,1,0
118-ABC,LEAK,1,0
118-ABC,VISUAL,1,0
118-DEF,LEAK,1,0
118-JKL,TORQ_OOS,1,0
119-ABC,LEAK,1,0
119-DEF,TORQ_OOS,1,0
120-ABC,TORQ_OOS,1,0
120-JKL,Unknown,1,0
121-DEF,Unknown,1,0
121-JKL,TORQ_OOS,1,0
122-ABC,TORQ_OOS,1,0
122-JKL,LEAK,1,0
123-ABC,Unknown,1,0
123-DEF,Unknown,1,0
123-GHI,LEAK,1,0
123-GHI,Unknown,1,0
124-DEF,TORQ_OOS,1,0
124-GHI,Unknown,1,0
125-ABC,Unknown,1,0
125-GHI,VISUAL,1,0
126-ABC,LEAK,1,0
126-ABC,Unknown,1,0
126-DEF,TORQ_OOS,1,0
126-GHI,TEMP_OOS,1,0
126-GHI,TORQ_OOS,1,0
126-JKL,TEMP_OOS,1,0
126-JKL,VISUAL,1,0
127-DEF,LEAK,1,0
127-DEF,TORQ_OOS,1,0
127-JKL,TEMP_OOS,1,0
127-JKL,Unknown,1,0
128-ABC,TORQ_OOS,1,0
128-GHI,TORQ_OOS,1,0
128-GHI,Unknown,1,0
128-JKL,TEMP_OOS,1,0
128-JKL,Unknown,1,0
129-DEF,LEAK,1,0
129-GHI,TORQ_OOS,1,0
130-ABC,TEMP_OOS,1,0
130-DEF,Unknown,1,0
130-JKL,TEMP_OOS,1,0
130-JKL,Unknown,1,0
131-DEF,LEAK,1,0
131-DEF,Unknown,1,0
131-GHI,VISUAL,1,0
131-JKL,LEAK,1,0
132-ABC,Unknown,1,0
132-DEF,Unknown,1,0
132-GHI,Unknown,1,0
132-GHI,VISUAL,1,0
133-ABC,Unknown,1,0
133-GHI,Unknown,1,0
133-JKL,VISUAL,1,0
134-ABC,Unknown,1,0
134-GHI,TORQ_OOS,1,0
135-DEF,TORQ_OOS,1,0
135-JKL,TORQ_OOS,1,0
136-GHI,LEAK,1,0
136-GHI,VISUAL,1,0
137-GHI,LEAK,1,0
137-GHI,Unknown,1,0
138-ABC,TEMP_OOS,1,0
138-GHI,TEMP_OOS,1,0
138-GHI,TORQ_OOS,1,0
138-GHI,Unknown,1,0
138-JKL,Unknown,1,0
139-GHI,LEAK,1,0
139-JKL,Unknown,1,0
140-DEF,TORQ_OOS,1,0
140-GHI,TORQ_OOS,1,0
141-ABC,TEMP_OOS,1,0
141-GHI,TORQ_OOS,1,0
141-GHI,Unknown,1,0
142-ABC,TORQ_OOS,1,0
142-DEF,TORQ_OOS,1,0
142-GHI,TORQ_OOS,1,0
143-DEF,Unknown,1,0
143-GHI,LEAK,1,0
143-JKL,TORQ_OOS,1,0
144-JKL,TEMP_OOS,1,0
144-JKL,Unknown,1,0
145-ABC,TEMP_OOS,1,0
145-DEF,LEAK,1,0
145-GHI,Unknown,1,0
146-DEF,Unknown,1,0
148-ABC,Unknown,1,0
148-GHI,TORQ_OOS,1,0
148-GHI,Unknown,1,0
148-GHI,VISUAL,1,0
148-JKL,TORQ_OOS,1,0
149-JKL,TEMP_OOS,1,0
149-JKL,Unknown,1,0
149-JKL,VISUAL,1,0
150-GHI,TORQ_OOS,1,0
151-GHI,TEMP_OOS,1,0
151-GHI,Unknown,1,0
151-JKL,TEMP_OOS,1,0
151-JKL,Unknown,1,0
152-ABC,Unknown,1,0
152-DEF,VISUAL,1,0
152-GHI,TEMP_OOS,1,0
152-JKL,VISUAL,1,0
153-DEF,TORQ_OOS,1,0
153-DEF,Unknown,1,0
153-GHI,TEMP_OOS,1,0
153-JKL,VISUAL,1,0
154-DEF,TORQ_OOS,1,0
154-DEF,Unknown,1,0
154-JKL,LEAK,1,0
155-ABC,Unknown,1,0
155-DEF,Unknown,1,0
155-GHI,Unknown,1,0
156-ABC,TEMP_OOS,1,0
156-GHI,TORQ_OOS,1,0
156-GHI,Unknown,1,0
156-JKL,VISUAL,1,0
157-ABC,TORQ_OOS,1,0
157-GHI,Unknown,1,0
158-GHI,TEMP_OOS,1,0
158-GHI,TORQ_OOS,1,0
158-GHI,Unknown,1,0
159-ABC,TEMP_OOS,1,0
160-DEF,LEAK,1,0
161-ABC,TORQ_OOS,1,0
161-DEF,TEMP_OOS,1,0
161-DEF,TORQ_OOS,1,0
161-GHI,Unknown,1,0
161-GHI,VISUAL,1,0
161-JKL,TORQ_OOS,1,0
162-DEF,LEAK,1,0
162-GHI,LEAK,1,0
162-GHI,VISUAL,1,0
163-ABC,TORQ_OOS,1,0
163-DEF,VISUAL,1,0
163-GHI,TEMP_OOS,1,0
164-ABC,LEAK,1,0
164-JKL,TORQ_OOS,1,0
165-ABC,LEAK,1,0
165-ABC,Unknown,1,0
165-DEF,LEAK,1,0
165-GHI,LEAK,1,0
165-GHI,TEMP_OOS,1,0
165-GHI,Unknown,1,0
166-DEF,TORQ_OOS,1,0
166-DEF,Unknown,1,0
166-JKL,LEAK,1,0
167-DEF,TEMP_OOS,1,0
167-DEF,Unknown,1,0
167-GHI,VISUAL,1,0
167-JKL,TEMP_OOS,1,0
167-JKL,TORQ_OOS,1,0
168-ABC,TORQ_OOS,1,0
168-ABC,Unknown,1,0
168-GHI,VISUAL,1,0
168-JKL,TORQ_OOS,1,0
169-ABC,LEAK,1,0
169-DEF,TEMP_OOS,1,0
169-DEF,Unknown,1,0
169-GHI,TEMP_OOS,1,0
169-GHI,Unknown,1,0
169-JKL,TEMP_OOS,1,0
170-ABC,Unknown,1,0
170-GHI,Unknown,1,0
170-JKL,Unknown,1,0
171-ABC,TEMP_OOS,1,0
171-JKL,Unknown,1,0
172-DEF,LEAK,1,0
172-GHI,Unknown,1,0
173-GHI,TEMP_OOS,1,0
173-JKL,Unknown,1,0
174-DEF,Unknown,1,0
174-DEF,VISUAL,1,0
174-GHI,TORQ_OOS,1,0
175-DEF,Unknown,1,0
175-GHI,LEAK,1,0
176-ABC,TEMP_OOS,1,0
176-DEF,TORQ_OOS,1,0
176-DEF,Unknown,1,0
178-ABC,VISUAL,1,0
178-JKL,LEAK,1,0
178-JKL,TEMP_OOS,1,0
179-ABC,TORQ_OOS,1,0
179-DEF,TEMP_OOS,1,0
179-JKL,Unknown,1,0
181-ABC,VISUAL,1,0
181-DEF,LEAK,1,0
181-GHI,LEAK,1,0
181-GHI,TEMP_OOS,1,0
181-GHI,TORQ_OOS,1,0
182-ABC,Unknown,1,0
182-GHI,TEMP_OOS,1,0
182-GHI,TORQ_OOS,1,0
183-DEF,Unknown,1,0
183-GHI,Unknown,1,0
183-JKL,TEMP_OOS,1,0
184-ABC,Unknown,1,0
184-GHI,TORQ_OOS,1,0
184-JKL,TEMP_OOS,1,0
185-DEF,Unknown,1,0
185-JKL,LEAK,1,0
186-GHI,LEAK,1,0
186-GHI,TORQ_OOS,1,0
186-JKL,LEAK,1,0
186-JKL,Unknown,1,0
186-JKL,VISUAL,1,0
187-ABC,LEAK,1,0
187-DEF,LEAK,1,0
187-GHI,TEMP_OOS,1,0
187-GHI,VISUAL,1,0
187-JKL,Unknown,1,0
188-JKL,TEMP_OOS,1,0
188-JKL,TORQ_OOS,1,0
188-JKL,VISUAL,1,0
189-DEF,Unknown,1,0
189-GHI,Unknown,1,0
190-ABC,TORQ_OOS,1,0
191-DEF,TEMP_OOS,1,0
191-GHI,TORQ_OOS,1,0
191-JKL,TEMP_OOS,1,0
191-JKL,Unknown,1,0
192-ABC,Unknown,1,0
192-DEF,LEAK,1,0
192-DEF,Unknown,1,0
192-JKL,TEMP_OOS,1,0
193-ABC,LEAK,1,0
193-ABC,TEMP_OOS,1,0
193-DEF,LEAK,1,0
193-GHI,TORQ_OOS,1,0
193-JKL,Unknown,1,0
194-DEF,Unknown,1,0
194-DEF,VISUAL,1,0
194-GHI,Unknown,1,0
194-JKL,TORQ_OOS,1,0
195-ABC,TEMP_OOS,1,0
195-DEF,LEAK,1,0
195-GHI,Unknown,1,0
197-ABC,LEAK,1,0
198-ABC,TEMP_OOS,1,0
198-JKL,Unknown,1,0
199-ABC,LEAK,1,0
199-DEF,Unknown,1,0
199-GHI,Unknown,1,0
199-JKL,Unknown,1,0
200-DEF,TEMP_OOS,1,0
200-GHI,Unknown,1,0
200-GHI,VISUAL,1,0
200-JKL,TORQ_OOS,1,0
200-JKL,Unknown,1,0
201-ABC,TEMP_OOS,1,0
201-GHI,TORQ_OOS,1,0
201-GHI,Unknown,1,0
201-JKL,TORQ_OOS,1,0
202-DEF,Unknown,1,0
202-GHI,TEMP_OOS,1,0
202-JKL,TEMP_OOS,1,0
203-DEF,TORQ_OOS,1,0
203-GHI,TEMP_OOS,1,0
204-ABC,LEAK,1,0
204-ABC,TEMP_OOS,1,0
204-DEF,TORQ_OOS,1,0
204-GHI,LEAK,1,0
204-GHI,VISUAL,1,0
205-ABC,Unknown,1,0
205-DEF,LEAK,1,0
205-GHI,LEAK,1,0
205-GHI,Unknown,1,0
205-JKL,TEMP_OOS,1,0
206-ABC,TORQ_OOS,1,0
206-DEF,TEMP_OOS,1,0
206-GHI,TORQ_OOS,1,0
206-JKL,LEAK,1,0
207-GHI,LEAK,1,0
207-JKL,TORQ_OOS,1,0
208-ABC,Unknown,1,0
208-DEF,VISUAL,1,0
208-JKL,TEMP_OOS,1,0
209-ABC,VISUAL,1,0
210-ABC,VISUAL,1,0
210-DEF,LEAK,1,0
210-DEF,TEMP_OOS,1,0
210-DEF,Unknown,1,0
210-DEF,VISUAL,1,0
211-ABC,LEAK,1,0
211-DEF,VISUAL,1,0
211-GHI,TEMP_OOS,1,0
211-JKL,TEMP_OOS,1,0
212-ABC,Unknown,1,0
212-DEF,TORQ_OOS,1,0
212-JKL,TEMP_OOS,1,0
212-JKL,Unknown,1,0
213-ABC,VISUAL,1,0
213-GHI,Unknown,1,0
213-GHI,VISUAL,1,0
214-GHI,Unknown,1,0
215-ABC,LEAK,1,0
215-DEF,TEMP_OOS,1,0
215-DEF,Unknown,1,0
215-GHI,Unknown,1,0
215-JKL,Unknown,1,0
216-DEF,TEMP_OOS,1,0
217-DEF,TORQ_OOS,1,0
217-GHI,Unknown,1,0
218-DEF,LEAK,1,0
218-GHI,TORQ_OOS,1,0
218-GHI,Unknown,1,0
218-JKL,TORQ_OOS,1,0
219-ABC,TEMP_OOS,1,0
219-ABC,TORQ_OOS,1,0
219-GHI,Unknown,1,0
220-DEF,Unknown,1,0
220-JKL,TORQ_OOS,1,0
221-DEF,Unknown,1,0
221-JKL,TEMP_OOS,1,0
222-ABC,LEAK,1,0
222-GHI,Unknown,1,0
222-GHI,VISUAL,1,0
222-JKL,TEMP_OOS,1,0
222-JKL,TORQ_OOS,1,0
223-ABC,TEMP_OOS,1,0
223-ABC,VISUAL,1,0
223-DEF,TORQ_OOS,1,0
223-DEF,Unknown,1,0
223-GHI,Unknown,1,0
223-JKL,VISUAL,1,0
224-ABC,TEMP_OOS,1,0
224-ABC,TORQ_OOS,1,0
224-GHI,TEMP_OOS,1,0
224-JKL,Unknown,1,0
225-DEF,LEAK,1,0
225-DEF,TORQ_OOS,1,0
225-GHI,TORQ_OOS,1,0
225-JKL,LEAK,1,0
225-JKL,TEMP_OOS,1,0
226-ABC,VISUAL,1,0
226-DEF,LEAK,1,0
226-DEF,VISUAL,1,0
226-JKL,TORQ_OOS,1,0
227-ABC,TEMP_OOS,1,0
227-GHI,TEMP_OOS,1,0
227-GHI,Unknown,1,0
227-JKL,TEMP_OOS,1,0
228-GHI,VISUAL,1,0
228-JKL,TORQ_OOS,1,0
229-ABC,Unknown,1,0
229-GHI,Unknown,1,0
230-DEF,LEAK,1,0
231-GHI,LEAK,1,0
231-GHI,TEMP_OOS,1,0
231-GHI,TORQ_OOS,1,0
232-ABC,LEAK,1,0
232-ABC,Unknown,1,0
232-DEF,LEAK,1,0
232-GHI,Unknown,1,0
232-JKL,TEMP_OOS,1,0
233-ABC,TEMP_OOS,1,0
233-DEF,TEMP_OOS,1,0
233-GHI,Unknown,1,0
233-GHI,VISUAL,1,0
233-JKL,Unknown,1,0
234-ABC,TORQ_OOS,1,0
234-GHI,LEAK,1,0
234-JKL,TEMP_OOS,1,0
235-ABC,TEMP_OOS,1,0
235-ABC,TORQ_OOS,1,0
235-DEF,TORQ_OOS,1,0
235-GHI,Unknown,1,0
235-JKL,TEMP_OOS,1,0
235-JKL,TORQ_OOS,1,0
235-JKL,Unknown,1,0
236-ABC,Unknown,1,0
237-DEF,TEMP_OOS,1,0
237-GHI,TORQ_OOS,1,0
238-ABC,TEMP_OOS,1,0
238-ABC,TORQ_OOS,1,0
240-DEF,Unknown,1,0
240-GHI,LEAK,1,0
240-JKL,Unknown,1,0
240-JKL,VISUAL,1,0
241-DEF,TEMP_OOS,1,0
241-DEF,Unknown,1,0
242-ABC,Unknown,1,0
242-GHI,TORQ_OOS,1,0
242-GHI,Unknown,1,0
243-DEF,VISUAL,1,0
243-JKL,TEMP_OOS,1,0
244-ABC,TORQ_OOS,1,0
244-ABC,Unknown,1,0
244-DEF,Unknown,1,0
244-JKL,Unknown,1,0
245-ABC,TORQ_OOS,1,0
245-DEF,TEMP_OOS,1,0
245-DEF,TORQ_OOS,1,0
245-JKL,TORQ_OOS,1,0
246-ABC,LEAK,1,0
246-DEF,TORQ_OOS,1,0
246-GHI,TEMP_OOS,1,0
247-ABC,Unknown,1,0
248-ABC,Unknown,1,0
248-DEF,TORQ_OOS,1,0
248-GHI,Unknown,1,0
248-JKL,LEAK,1,0
248-JKL,TORQ_OOS,1,0
248-JKL,Unknown,1,0
249-GHI,LEAK,1,0
250-JKL,TORQ_OOS,1,0
251-GHI,LEAK,1,0
251-GHI,Unknown,1,0
251-GHI,VISUAL,1,0
251-JKL,Unknown,1,0
252-GHI,TORQ_OOS,1,0
253-GHI,TEMP_OOS,1,0
253-GHI,Unknown,1,0
254-DEF,TORQ_OOS,1,0
254-DEF,Unknown,1,0
254-GHI,TEMP_OOS,1,0
254-GHI,TORQ_OOS,1,0
254-JKL,TORQ_OOS,1,0
255-DEF,VISUAL,1,0
255-GHI,TORQ_OOS,1,0
255-JKL,Unknown,1,0
256-DEF,VISUAL,1,0
256-GHI,LEAK,1,0
256-GHI,Unknown,1,0
257-ABC,TORQ_OOS,1,0
257-DEF,TEMP_OOS,1,0
257-DEF,Unknown,1,0
258-DEF,VISUAL,1,0
258-GHI,VISUAL,1,0
259-ABC,TORQ_OOS,1,0
259-ABC,Unknown,1,0
259-GHI,Unknown,1,0
260-ABC,TEMP_OOS,1,0
260-ABC,Unknown,1,0
260-ABC,VISUAL,1,0
260-JKL,Unknown,1,0
261-ABC,LEAK,1,0
261-DEF,Unknown,1,0
261-GHI,Unknown,1,0
261-JKL,Unknown,1,0
262-ABC,LEAK,1,0
262-ABC,TEMP_OOS,1,0
262-GHI,LEAK,1,0
262-JKL,LEAK,1,0
264-DEF,TEMP_OOS,1,0
264-GHI,Unknown,1,0
264-JKL,TORQ_OOS,1,0
264-JKL,Unknown,1,0
265-ABC,TORQ_OOS,1,0
265-GHI,TEMP_OOS,1,0
265-JKL,LEAK,1,0
265-JKL,TORQ_OOS,1,0
265-JKL,Unknown,1,0
266-ABC,TORQ_OOS,1,0
266-DEF,VISUAL,1,0
266-GHI,TEMP_OOS,1,0
266-JKL,Unknown,1,0
267-ABC,Unknown,1,0
267-DEF,TORQ_OOS,1,0
267-DEF,Unknown,1,0
267-GHI,Unknown,1,0
268-ABC,LEAK,1,0
268-ABC,Unknown,1,0
268-DEF,Unknown,1,0
268-GHI,Unknown,1,0
270-ABC,LEAK,1,0
270-ABC,TORQ_OOS,1,0
270-DEF,Unknown,1,0
270-JKL,TEMP_OOS,1,0
271-ABC,TORQ_OOS,1,0
271-ABC,Unknown,1,0
271-DEF,TORQ_OOS,1,0
271-GHI,TORQ_OOS,1,0
271-GHI,Unknown,1,0
272-ABC,TORQ_OOS,1,0
272-DEF,LEAK,1,0
272-GHI,TORQ_OOS,1,0
273-ABC,Unknown,1,0
273-DEF,TEMP_OOS,1,0
274-ABC,Unknown,1,0
274-DEF,TORQ_OOS,1,0
274-JKL,TEMP_OOS,1,0
275-ABC,TORQ_OOS,1,0
275-ABC,VISUAL,1,0
275-DEF,Unknown,1,0
275-JKL,Unknown,1,0
276-GHI,Unknown,1,0
276-JKL,LEAK,1,0
276-JKL,TEMP_OOS,1,0
277-DEF,Unknown,1,0
277-GHI,Unknown,1,0
277-JKL,TORQ_OOS,1,0
278-GHI,VISUAL,1,0
278-JKL,LEAK,1,0
278-JKL,TEMP_OOS,1,0
279-GHI,LEAK,1,0
279-JKL,TEMP_OOS,1,0
279-JKL,VISUAL,1,0
280-ABC,VISUAL,1,0
280-DEF,TORQ_OOS,1,0
280-JKL,LEAK,1,0
281-ABC,Unknown,1,0
281-JKL,TEMP_OOS,1,0
282-DEF,TORQ_OOS,1,0
282-GHI,TEMP_OOS,1,0
282-JKL,LEAK,1,0
282-JKL,TEMP_OOS,1,0
283-DEF,TEMP_OOS,1,0
283-DEF,TORQ_OOS,1,0
283-DEF,VISUAL,1,0
283-GHI,LEAK,1,0
284-ABC,LEAK,1,0
284-DEF,Unknown,1,0
284-GHI,TORQ_OOS,1,0
285-JKL,LEAK,1,0
285-JKL,TORQ_OOS,1,0
286-ABC,Unknown,1,0
286-DEF,TORQ_OOS,1,0
286-GHI,LEAK,1,0
286-GHI,TEMP_OOS,1,0
286-JKL,TORQ_OOS,1,0
287-ABC,Unknown,1,0
287-JKL,TORQ_OOS,1,0
287-JKL,Unknown,1,0
289-ABC,TEMP_OOS,1,0
289-GHI,LEAK,1,0
289-JKL,Unknown,1,0
290-GHI,TEMP_OOS,1,0
290-JKL,TORQ_OOS,1,0
291-ABC,Unknown,1,0
291-DEF,Unknown,1,0
291-GHI,LEAK,1,0
291-JKL,LEAK,1,0
292-ABC,Unknown,1,0
292-GHI,Unknown,1,0
293-ABC,LEAK,1,0
293-ABC,TEMP_OOS,1,0
293-GHI,TORQ_OOS,1,0
294-ABC,Unknown,1,0
294-GHI,TORQ_OOS,1,0
294-JKL,TEMP_OOS,1,0
294-JKL,Unknown,1,0
295-GHI,LEAK,1,0
295-GHI,Unknown,1,0
296-ABC,TORQ_OOS,1,0
296-ABC,Unknown,1,0
296-GHI,VISUAL,1,0
296-JKL,TEMP_OOS,1,0
297-ABC,Unknown,1,0
297-DEF,LEAK,1,0
297-DEF,Unknown,1,0
297-DEF,VISUAL,1,0
297-GHI,TEMP_OOS,1,0
297-GHI,Unknown,1,0
297-JKL,Unknown,1,0
298-ABC,TORQ_OOS,1,0
298-ABC,Unknown,1,0
298-ABC,VISUAL,1,0
298-GHI,TEMP_OOS,1,0
298-GHI,VISUAL,1,0
299-DEF,TORQ_OOS,1,0
299-DEF,Unknown,1,0
299-GHI,TEMP_OOS,1,0
299-GHI,TORQ_OOS,1,0
300-GHI,Unknown,1,0
300-JKL,Unknown,1,0
301-DEF,LEAK,1,0
301-GHI,TORQ_OOS,1,0
302-ABC,LEAK,1,0
302-ABC,VISUAL,1,0
303-GHI,Unknown,1,0
303-GHI,VISUAL,1,0
304-DEF,Unknown,1,0
304-JKL,TEMP_OOS,1,0
305-DEF,TORQ_OOS,1,0
305-JKL,TORQ_OOS,1,0
306-ABC,TEMP_OOS,1,0
307-GHI,Unknown,1,0
308-ABC,Unknown,1,0
308-DEF,Unknown,1,0
308-GHI,TEMP_OOS,1,0
308-JKL,TEMP_OOS,1,0
309-JKL,LEAK,1,0
309-JKL,VISUAL,1,0
310-ABC,Unknown,1,0
310-GHI,TEMP_OOS,1,0
310-GHI,Unknown,1,0
311-GHI,LEAK,1,0
311-GHI,TORQ_OOS,1,0
311-GHI,Unknown,1,0
311-JKL,Unknown,1,0
312-ABC,VISUAL,1,0
312-GHI,Unknown,1,0
312-JKL,Unknown,1,0
313-GHI,Unknown,1,0
313-JKL,TEMP_OOS,1,0
313-JKL,TORQ_OOS,1,0
314-ABC,LEAK,1,0
314-GHI,LEAK,1,0
314-GHI,Unknown,1,0
315-ABC,LEAK,1,0
315-DEF,Unknown,1,0
315-JKL,LEAK,1,0
315-JKL,TORQ_OOS,1,0
316-ABC,LEAK,1,0
316-ABC,TEMP_OOS,1,0
316-JKL,TEMP_OOS,1,0
317-ABC,Unknown,1,0
317-DEF,Unknown,1,0
317-JKL,LEAK,1,0
317-JKL,TEMP_OOS,1,0
318-ABC,Unknown,1,0
318-GHI,LEAK,1,0
318-JKL,TEMP_OOS,1,0
319-ABC,TEMP_OOS,1,0
319-ABC,Unknown,1,0
319-JKL,Unknown,1,0
320-DEF,LEAK,1,0
320-DEF,TORQ_OOS,1,0
320-DEF,Unknown,1,0
320-DEF,VISUAL,1,0
320-JKL,Unknown,1,0
321-ABC,LEAK,1,0
321-JKL,TORQ_OOS,1,0
322-DEF,Unknown,1,0
322-GHI,LEAK,1,0
322-GHI,VISUAL,1,0
322-JKL,Unknown,1,0
323-ABC,TEMP_OOS,1,0
323-ABC,TORQ_OOS,1,0
323-DEF,LEAK,1,0
323-DEF,VISUAL,1,0
325-ABC,Unknown,1,0
325-DEF,Unknown,1,0
325-DEF,VISUAL,1,0
325-GHI,Unknown,1,0
326-ABC,TORQ_OOS,1,0
326-GHI,Unknown,1,0
326-JKL,LEAK,1,0
326-JKL,TEMP_OOS,1,0
327-ABC,TEMP_OOS,1,0
327-DEF,VISUAL,1,0
327-GHI,Unknown,1,0
327-JKL,TEMP_OOS,1,0
328-DEF,Unknown,1,0
328-JKL,TORQ_OOS,1,0
329-ABC,TORQ_OOS,1,0
329-DEF,LEAK,1,0
329-DEF,Unknown,1,0
329-JKL,TORQ_OOS,1,0
330-DEF,Unknown,1,0
330-GHI,Unknown,1,0
330-JKL,Unknown,1,0
331-DEF,TORQ_OOS,1,0
331-DEF,Unknown,1,0
331-JKL,TORQ_OOS,1,0
332-ABC,TORQ_OOS,1,0
332-ABC,Unknown,1,0
332-DEF,Unknown,1,0
332-JKL,Unknown,1,0
333-JKL,Unknown,1,0
334-ABC,LEAK,1,0
334-ABC,TEMP_OOS,1,0
334-DEF,TORQ_OOS,1,0
335-ABC,Unknown,1,0
335-ABC,VISUAL,1,0
335-JKL,LEAK,1,0
335-JKL,TORQ_OOS,1,0
336-DEF,Unknown,1,0
336-GHI,TORQ_OOS,1,0
336-JKL,LEAK,1,0
337-DEF,LEAK,1,0
337-DEF,VISUAL,1,0
337-GHI,Unknown,1,0
337-JKL,TORQ_OOS,1,0
337-JKL,VISUAL,1,0
338-GHI,LEAK,1,0
338-GHI,TORQ_OOS,1,0
338-GHI,Unknown,1,0
338-JKL,Unknown,1,0
339-ABC,LEAK,1,0
339-ABC,Unknown,1,0
339-DEF,TEMP_OOS,1,0
339-GHI,TORQ_OOS,1,0
339-JKL,LEAK,1,0
340-DEF,LEAK,1,0
340-GHI,TORQ_OOS,1,0
340-GHI,Unknown,1,0
341-ABC,Unknown,1,0
341-GHI,VISUAL,1,0
343-ABC,TEMP_OOS,1,0
343-DEF,Unknown,1,0
343-GHI,Unknown,1,0
343-JKL,TEMP_OOS,1,0
344-ABC,Unknown,1,0
344-DEF,VISUAL,1,0
344-GHI,TEMP_OOS,1,0
344-GHI,TORQ_OOS,1,0
345-ABC,Unknown,1,0
345-DEF,Unknown,1,0
345-GHI,VISUAL,1,0
345-JKL,TEMP_OOS,1,0
345-JKL,TORQ_OOS,1,0
345-JKL,Unknown,1,0
346-DEF,TORQ_OOS,1,0
346-DEF,Unknown,1,0
346-DEF,VISUAL,1,0
346-GHI,LEAK,1,0
346-GHI,Unknown,1,0
346-JKL,VISUAL,1,0
347-DEF,TEMP_OOS,1,0
347-GHI,Unknown,1,0
348-ABC,TORQ_OOS,1,0
348-DEF,Unknown,1,0
348-JKL,LEAK,1,0
348-JKL,TORQ_OOS,1,0
350-ABC,TEMP_OOS,1,0
350-DEF,TORQ_OOS,1,0
351-ABC,TEMP_OOS,1,0
351-ABC,TORQ_OOS,1,0
351-JKL,Unknown,1,0
352-DEF,LEAK,1,0
352-DEF,TEMP_OOS,1,0
352-JKL,TORQ_OOS,1,0
353-ABC,Unknown,1,0
353-DEF,TORQ_OOS,1,0
353-JKL,TEMP_OOS,1,0
354-GHI,VISUAL,1,0
355-DEF,TEMP_OOS,1,0
355-DEF,TORQ_OOS,1,0
355-GHI,TORQ_OOS,1,0
355-GHI,Unknown,1,0
356-DEF,LEAK,1,0
356-GHI,TEMP_OOS,1,0
356-GHI,VISUAL,1,0
357-ABC,LEAK,1,0
357-DEF,TEMP_OOS,1,0
357-GHI,LEAK,1,0
357-JKL,LEAK,1,0
357-JKL,VISUAL,1,0
358-DEF,TORQ_OOS,1,0
359-DEF,Unknown,1,0
359-GHI,LEAK,1,0
359-GHI,Unknown,1,0
359-JKL,TORQ_OOS,1,0
360-GHI,TEMP_OOS,1,0
360-GHI,Unknown,1,0
360-GHI,VISUAL,1,0
361-ABC,Unknown,1,0
361-JKL,LEAK,1,0
362-DEF,TORQ_OOS,1,0
362-JKL,TEMP_OOS,1,0
363-ABC,Unknown,1,0
363-DEF,TORQ_OOS,1,0
363-GHI,TEMP_OOS,1,0
364-DEF,LEAK,1,0
364-GHI,TORQ_OOS,1,0
364-GHI,Unknown,1,0
364-JKL,Unknown,1,0
365-DEF,Unknown,1,0
365-JKL,Unknown,1,0
366-DEF,Unknown,1,0
366-GHI,LEAK,1,0
366-JKL,LEAK,1,0
366-JKL,VISUAL,1,0
367-ABC,Unknown,1,0
367-ABC,VISUAL,1,0
367-GHI,Unknown,1,0
367-JKL,VISUAL,1,0
368-ABC,Unknown,1,0
368-DEF,TEMP_OOS,1,0
368-GHI,LEAK,1,0
368-JKL,TEMP_OOS,1,0
369-DEF,TORQ_OOS,1,0
369-DEF,VISUAL,1,0
369-GHI,Unknown,1,0
369-GHI,VISUAL,1,0
369-JKL,LEAK,1,0
369-JKL,Unknown,1,0
370-ABC,TORQ_OOS,1,0
370-DEF,Unknown,1,0
370-JKL,TEMP_OOS,1,0
370-JKL,Unknown,1,0
371-ABC,TEMP_OOS,1,0
371-ABC,Unknown,1,0
371-DEF,Unknown,1,0
371-GHI,TORQ_OOS,1,0
371-JKL,Unknown,1,0
372-GHI,VISUAL,1,0
372-JKL,TEMP_OOS,1,0
372-JKL,Unknown,1,0
373-ABC,TORQ_OOS,1,0
373-ABC,Unknown,1,0
373-ABC,VISUAL,1,0
374-ABC,TORQ_OOS,1,0
374-DEF,TEMP_OOS,1,0
374-GHI,Unknown,1,0
375-ABC,Unknown,1,0
375-ABC,VISUAL,1,0
375-DEF,Unknown,1,0
375-GHI,TORQ_OOS,1,0
375-GHI,Unknown,1,0
375-GHI,VISUAL,1,0
376-ABC,VISUAL,1,0
376-DEF,TEMP_OOS,1,0
376-JKL,Unknown,1,0
377-ABC,TEMP_OOS,1,0
377-ABC,Unknown,1,0
377-DEF,VISUAL,1,0
377-GHI,TEMP_OOS,1,0
377-JKL,TORQ_OOS,1,0
377-JKL,VISUAL,1,0
378-GHI,LEAK,1,0
378-GHI,Unknown,1,0
378-JKL,Unknown,1,0
379-ABC,Unknown,1,0
379-DEF,TORQ_OOS,1,0
379-GHI,TEMP_OOS,1,0
380-ABC,Unknown,1,0
380-GHI,TEMP_OOS,1,0
380-GHI,Unknown,1,0
380-JKL,Unknown,1,0
381-ABC,LEAK,1,0
381-ABC,TEMP_OOS,1,0
381-DEF,TEMP_OOS,1,0
381-GHI,TEMP_OOS,1,0
381-GHI,VISUAL,1,0
383-ABC,Unknown,1,0
384-ABC,Unknown,1,0
384-GHI,Unknown,1,0
384-JKL,TEMP_OOS,1,0
384-JKL,TORQ_OOS,1,0
384-JKL,Unknown,1,0
384-JKL,VISUAL,1,0
385-ABC,Unknown,1,0
385-DEF,TEMP_OOS,1,0
385-GHI,TEMP_OOS,1,0
385-GHI,Unknown,1,0
385-JKL,TORQ_OOS,1,0
385-JKL,VISUAL,1,0
386-ABC,TEMP_OOS,1,0
386-DEF,Unknown,1,0
386-GHI,Unknown,1,0
387-GHI,Unknown,1,0
388-ABC,LEAK,1,0
388-DEF,VISUAL,1,0
388-JKL,Unknown,1,0
389-DEF,TEMP_OOS,1,0
390-GHI,Unknown,1,0
390-JKL,LEAK,1,0
390-JKL,TORQ_OOS,1,0
391-ABC,VISUAL,1,0
391-DEF,Unknown,1,0
391-JKL,TORQ_OOS,1,0
392-GHI,Unknown,1,0
392-JKL,Unknown,1,0
393-ABC,LEAK,1,0
393-DEF,Unknown,1,0
393-GHI,LEAK,1,0
393-GHI,TORQ_OOS,1,0
394-ABC,TEMP_OOS,1,0
394-DEF,Unknown,1,0
394-GHI,LEAK,1,0
394-GHI,TORQ_OOS,1,0
394-GHI,Unknown,1,0
394-JKL,Unknown,1,0
395-ABC,VISUAL,1,0
395-DEF,LEAK,1,0
395-GHI,Unknown,1,0
396-ABC,Unknown,1,0
396-DEF,LEAK,1,0
396-DEF,Unknown,1,0
396-DEF,VISUAL,1,0
396-GHI,VISUAL,1,0
396-JKL,LEAK,1,0
396-JKL,TEMP_OOS,1,0
396-JKL,VISUAL,1,0
397-DEF,TEMP_OOS,1,0
397-GHI,TORQ_OOS,1,0
397-JKL,TEMP_OOS,1,0
397-JKL,TORQ_OOS,1,0
398-DEF,Unknown,1,0
398-JKL,TORQ_OOS,1,0
399-ABC,TORQ_OOS,1,0
399-GHI,TORQ_OOS,1,0
399-GHI,Unknown,1,0
399-JKL,LEAK,1,0
399-JKL,Unknown,1,0
399-JKL,VISUAL,1,0
400-DEF,Unknown,1,0
400-JKL,Unknown,1,0
401-DEF,Unknown,1,0
401-GHI,LEAK,1,0
401-JKL,TORQ_OOS,1,0
402-ABC,TORQ_OOS,1,0
402-JKL,Unknown,1,0
403-DEF,TEMP_OOS,1,0
403-GHI,TORQ_OOS,1,0
403-JKL,LEAK,1,0
403-JKL,TORQ_OOS,1,0
404-ABC,TORQ_OOS,1,0
404-GHI,Unknown,1,0
404-JKL,TORQ_OOS,1,0
405-JKL,VISUAL,1,0
406-ABC,LEAK,1,0
406-DEF,VISUAL,1,0
407-DEF,Unknown,1,0
407-GHI,TEMP_OOS,1,0
407-GHI,TORQ_OOS,1,0
407-JKL,Unknown,1,0
408-ABC,LEAK,1,0
408-ABC,Unknown,1,0
408-DEF,LEAK,1,0
408-JKL,TEMP_OOS,1,0
408-JKL,VISUAL,1,0
409-ABC,TORQ_OOS,1,0
409-DEF,Unknown,1,0
409-JKL,LEAK,1,0
409-JKL,VISUAL,1,0
410-ABC,TEMP_OOS,1,0
410-ABC,TORQ_OOS,1,0
410-ABC,Unknown,1,0
410-DEF,TEMP_OOS,1,0
410-DEF,TORQ_OOS,1,0
411-DEF,LEAK,1,0
411-DEF,TEMP_OOS,1,0
411-DEF,VISUAL,1,0
411-GHI,Unknown,1,0
411-JKL,TORQ_OOS,1,0
411-JKL,Unknown,1,0
412-DEF,TEMP_OOS,1,0
412-GHI,LEAK,1,0
413-ABC,LEAK,1,0
413-ABC,Unknown,1,0
413-DEF,LEAK,1,0
413-DEF,TORQ_OOS,1,0
413-GHI,LEAK,1,0
413-GHI,TEMP_OOS,1,0
413-GHI,Unknown,1,0
413-GHI,VISUAL,1,0
413-JKL,TORQ_OOS,1,0
414-ABC,TEMP_OOS,1,0
414-GHI,TEMP_OOS,1,0
414-GHI,TORQ_OOS,1,0
414-JKL,LEAK,1,0
414-JKL,Unknown,1,0
415-ABC,Unknown,1,0
415-GHI,TEMP_OOS,1,0
415-GHI,TORQ_OOS,1,0
416-ABC,TEMP_OOS,1,0
416-ABC,VISUAL,1,0
416-DEF,TEMP_OOS,1,0
416-DEF,TORQ_OOS,1,0
416-GHI,LEAK,1,0
416-JKL,Unknown,1,0
417-DEF,Unknown,1,0
417-DEF,VISUAL,1,0
418-ABC,Unknown,1,0
418-DEF,LEAK,1,0
418-JKL,TEMP_OOS,1,0
418-JKL,Unknown,1,0
419-GHI,TORQ_OOS,1,0
419-GHI,Unknown,1,0
419-JKL,TEMP_OOS,1,0
420-DEF,Unknown,1,0
420-GHI,Unknown,1,0
420-JKL,TEMP_OOS,1,0
421-JKL,VISUAL,1,0
422-ABC,LEAK,1,0
422-DEF,VISUAL,1,0
422-GHI,LEAK,1,0
422-GHI,TEMP_OOS,1,0
423-ABC,LEAK,1,0
423-ABC,Unknown,1,0
423-DEF,VISUAL,1,0
423-GHI,Unknown,1,0
423-JKL,TEMP_OOS,1,0
424-DEF,TORQ_OOS,1,0
424-GHI,TEMP_OOS,1,0
425-DEF,TEMP_OOS,1,0
425-DEF,Unknown,1,0
425-JKL,TEMP_OOS,1,0
426-ABC,TEMP_OOS,1,0
426-ABC,TORQ_OOS,1,0
426-GHI,Unknown,1,0
426-JKL,LEAK,1,0
426-JKL,Unknown,1,0
426-JKL,VISUAL,1,0
427-ABC,TEMP_OOS,1,0
427-ABC,TORQ_OOS,1,0
427-ABC,VISUAL,1,0
427-DEF,Unknown,1,0
427-GHI,Unknown,1,0
427-JKL,TEMP_OOS,1,0
428-ABC,LEAK,1,0
428-DEF,VISUAL,1,0
428-GHI,TEMP_OOS,1,0
428-JKL,VISUAL,1,0
429-ABC,Unknown,1,0
429-DEF,LEAK,1,0
429-DEF,TEMP_OOS,1,0
429-DEF,Unknown,1,0
430-GHI,LEAK,1,0
430-GHI,Unknown,1,0
430-JKL,Unknown,1,0
431-GHI,LEAK,1,0
431-JKL,Unknown,1,0
431-JKL,VISUAL,1,0
432-DEF,Unknown,1,0
433-ABC,TORQ_OOS,1,0
433-DEF,VISUAL,1,0
433-GHI,TEMP_OOS,1,0
434-ABC,TEMP_OOS,1,0
434-DEF,Unknown,1,0
434-GHI,LEAK,1,0
435-ABC,TORQ_OOS,1,0
435-ABC,Unknown,1,0
436-GHI,VISUAL,1,0
437-GHI,LEAK,1,0
438-DEF,LEAK,1,0
438-DEF,TORQ_OOS,1,0
439-ABC,Unknown,1,0
439-DEF,Unknown,1,0
439-GHI,Unknown,1,0
440-ABC,Unknown,1,0
440-DEF,Unknown,1,0
440-DEF,VISUAL,1,0
440-JKL,TORQ_OOS,1,0
440-JKL,Unknown,1,0
441-ABC,Unknown,1,0
441-DEF,TEMP_OOS,1,0
441-GHI,Unknown,1,0
441-JKL,Unknown,1,0
442-ABC,Unknown,1,0
442-ABC,VISUAL,1,0
442-DEF,VISUAL,1,0
443-JKL,Unknown,1,0
444-ABC,LEAK,1,0
444-ABC,VISUAL,1,0
444-DEF,TORQ_OOS,1,0
444-GHI,LEAK,1,0
444-GHI,VISUAL,1,0
445-DEF,TEMP_OOS,1,0
445-DEF,TORQ_OOS,1,0
445-DEF,Unknown,1,0
446-DEF,LEAK,1,0
446-GHI,LEAK,1,0
447-DEF,TEMP_OOS,1,0
447-DEF,TORQ_OOS,1,0
448-ABC,LEAK,1,0
448-ABC,Unknown,1,0
448-GHI,Unknown,1,0
448-GHI,VISUAL,1,0
449-GHI,TEMP_OOS,1,0
449-GHI,TORQ_OOS,1,0
449-JKL,TEMP_OOS,1,0
449-JKL,VISUAL,1,0
450-ABC,LEAK,1,0
450-ABC,Unknown,1,0
451-ABC,TEMP_OOS,1,0
451-GHI,LEAK,1,0
451-GHI,TEMP_OOS,1,0
451-JKL,TEMP_OOS,1,0
451-JKL,Unknown,1,0
452-GHI,TORQ_OOS,1,0
452-GHI,Unknown,1,0
453-ABC,VISUAL,1,0
453-DEF,Unknown,1,0
453-GHI,TORQ_OOS,1,0
453-GHI,Unknown,1,0
454-ABC,TEMP_OOS,1,0
454-GHI,Unknown,1,0
454-GHI,VISUAL,1,0
454-JKL,TEMP_OOS,1,0
455-DEF,Unknown,1,0
455-DEF,VISUAL,1,0
455-JKL,TORQ_OOS,1,0
455-JKL,Unknown,1,0
456-ABC,TEMP_OOS,1,0
456-ABC,TORQ_OOS,1,0
456-ABC,Unknown,1,0
456-DEF,TORQ_OOS,1,0
456-GHI,TORQ_OOS,1,0
457-ABC,TEMP_OOS,1,0
457-DEF,LEAK,1,0
457-DEF,TEMP_OOS,1,0
457-DEF,VISUAL,1,0
457-JKL,LEAK,1,0
457-JKL,Unknown,1,0
457-JKL,VISUAL,1,0
458-ABC,Unknown,1,0
458-GHI,VISUAL,1,0
459-ABC,TORQ_OOS,1,0
459-ABC,Unknown,1,0
459-DEF,TORQ_OOS,1,0
459-GHI,Unknown,1,0
459-JKL,Unknown,1,0
460-ABC,TEMP_OOS,1,0
460-DEF,Unknown,1,0
460-GHI,LEAK,1,0
460-GHI,TEMP_OOS,1,0
461-ABC,LEAK,1,0
461-GHI,TEMP_OOS,1,0
461-GHI,Unknown,1,0
461-JKL,TEMP_OOS,1,0
461-JKL,TORQ_OOS,1,0
462-ABC,TEMP_OOS,1,0
462-DEF,TORQ_OOS,1,0
462-GHI,TORQ_OOS,1,0
462-GHI,Unknown,1,0
462-JKL,VISUAL,1,0
463-JKL,TEMP_OOS,1,0
465-ABC,LEAK,1,0
465-ABC,Unknown,1,0
465-GHI,TORQ_OOS,1,0
465-JKL,Unknown,1,0
466-ABC,TEMP_OOS,1,0
466-DEF,TEMP_OOS,1,0
466-DEF,Unknown,1,0
466-GHI,VISUAL,1,0
467-DEF,TEMP_OOS,1,0
467-DEF,TORQ_OOS,1,0
467-DEF,Unknown,1,0
467-GHI,TORQ_OOS,1,0
467-GHI,Unknown,1,0
468-DEF,Unknown,1,0
468-JKL,VISUAL,1,0
469-ABC,Unknown,1,0
469-DEF,Unknown,1,0
469-GHI,TEMP_OOS,1,0
469-GHI,TORQ_OOS,1,0
469-JKL,TORQ_OOS,1,0
469-JKL,Unknown,1,0
470-ABC,TORQ_OOS,1,0
470-JKL,VISUAL,1,0
471-DEF,LEAK,1,0
472-DEF,VISUAL,1,0
473-ABC,TORQ_OOS,1,0
473-ABC,Unknown,1,0
473-GHI,TORQ_OOS,1,0
473-JKL,Unknown,1,0
474-DEF,VISUAL,1,0
474-JKL,LEAK,1,0
474-JKL,Unknown,1,0
474-JKL,VISUAL,1,0
475-ABC,TEMP_OOS,1,0
475-DEF,Unknown,1,0
475-JKL,LEAK,1,0
475-JKL,TEMP_OOS,1,0
475-JKL,Unknown,1,0
476-DEF,LEAK,1,0
476-DEF,Unknown,1,0
476-JKL,TEMP_OOS,1,0
476-JKL,Unknown,1,0
477-DEF,TEMP_OOS,1,0
477-JKL,TEMP_OOS,1,0
477-JKL,TORQ_OOS,1,0
478-DEF,Unknown,1,0
478-GHI,LEAK,1,0
478-GHI,TEMP_OOS,1,0
479-DEF,TEMP_OOS,1,0
479-DEF,Unknown,1,0
479-DEF,VISUAL,1,0
479-JKL,Unknown,1,0
480-ABC,TEMP_OOS,1,0
480-ABC,TORQ_OOS,1,0
480-DEF,TORQ_OOS,1,0
480-GHI,TEMP_OOS,1,0
481-ABC,TEMP_OOS,1,0
481-DEF,Unknown,1,0
481-GHI,LEAK,1,0
481-GHI,TEMP_OOS,1,0
481-GHI,TORQ_OOS,1,0
482-ABC,TORQ_OOS,1,0
482-ABC,Unknown,1,0
482-JKL,Unknown,1,0
483-ABC,Unknown,1,0
483-DEF,TEMP_OOS,1,0
483-DEF,TORQ_OOS,1,0
483-GHI,Unknown,1,0
483-JKL,LEAK,1,0
484-ABC,Unknown,1,0
484-GHI,TORQ_OOS,1,0
484-GHI,Unknown,1,0
485-ABC,Unknown,1,0
485-DEF,TEMP_OOS,1,0
485-DEF,Unknown,1,0
485-GHI,TORQ_OOS,1,0
485-GHI,Unknown,1,0
485-JKL,TORQ_OOS,1,0
485-JKL,Unknown,1,0
487-ABC,TEMP_OOS,1,0
487-ABC,Unknown,1,0
487-DEF,VISUAL,1,0
487-GHI,LEAK,1,0
487-JKL,Unknown,1,0
487-JKL,VISUAL,1,0
488-ABC,TORQ_OOS,1,0
488-DEF,TORQ_OOS,1,0
488-GHI,Unknown,1,0
489-ABC,TEMP_OOS,1,0
489-DEF,LEAK,1,0
489-JKL,VISUAL,1,0
490-ABC,LEAK,1,0
490-ABC,Unknown,1,0
490-GHI,TEMP_OOS,1,0
490-GHI,Unknown,1,0
491-ABC,VISUAL,1,0
492-DEF,VISUAL,1,0
492-GHI,Unknown,1,0
492-JKL,TORQ_OOS,1,0
493-ABC,TORQ_OOS,1,0
493-DEF,LEAK,1,0
494-DEF,TORQ_OOS,1,0
494-DEF,Unknown,1,0
494-GHI,LEAK,1,0
495-DEF,TORQ_OOS,1,0
495-DEF,VISUAL,1,0
496-ABC,Unknown,1,0
496-DEF,TEMP_OOS,1,0
496-DEF,Unknown,1,0
497-ABC,TORQ_OOS,1,0
497-JKL,LEAK,1,0
498-DEF,Unknown,1,0
498-JKL,VISUAL,1,0
499-DEF,Unknown,1,0
499-GHI,LEAK,1,0
499-GHI,Unknown,1,0
499-JKL,VISUAL,1,0
500-DEF,TEMP_OOS,1,0
500-DEF,TORQ_OOS,1,0
500-GHI,TORQ_OOS,1,0
500-GHI,Unknown,1,0
500-JKL,Unknown,1,0
501-ABC,TEMP_OOS,1,0
501-ABC,Unknown,1,0
501-DEF,Unknown,1,0
501-JKL,TEMP_OOS,1,0
501-JKL,Unknown,1,0
503-GHI,VISUAL,1,0
503-JKL,VISUAL,1,0
504-ABC,Unknown,1,0
505-ABC,LEAK,1,0
505-ABC,TORQ_OOS,1,0
505-DEF,Unknown,1,0
505-JKL,TEMP_OOS,1,0
506-DEF,LEAK,1,0
506-JKL,Unknown,1,0
507-ABC,VISUAL,1,0
507-DEF,TORQ_OOS,1,0
507-DEF,Unknown,1,0
508-GHI,Unknown,1,0
508-JKL,LEAK,1,0
509-ABC,TORQ_OOS,1,0
509-ABC,VISUAL,1,0
509-DEF,LEAK,1,0
510-ABC,TORQ_OOS,1,0
510-DEF,TEMP_OOS,1,0
510-JKL,LEAK,1,0
510-JKL,TORQ_OOS,1,0
511-DEF,TEMP_OOS,1,0
511-DEF,Unknown,1,0
511-GHI,Unknown,1,0
511-GHI,VISUAL,1,0
511-JKL,TEMP_OOS,1,0
511-JKL,VISUAL,1,0
512-ABC,Unknown,1,0
512-DEF,Unknown,1,0
512-DEF,VISUAL,1,0
512-JKL,TEMP_OOS,1,0
512-JKL,Unknown,1,0
513-ABC,TEMP_OOS,1,0
513-GHI,VISUAL,1,0
514-GHI,TORQ_OOS,1,0
514-GHI,Unknown,1,0
514-JKL,LEAK,1,0
514-JKL,TORQ_OOS,1,0
515-DEF,TORQ_OOS,1,0
515-GHI,TEMP_OOS,1,0
515-JKL,VISUAL,1,0
516-DEF,TORQ_OOS,1,0
516-GHI,TORQ_OOS,1,0
516-JKL,TEMP_OOS,1,0
517-ABC,TEMP_OOS,1,0
517-DEF,VISUAL,1,0
517-GHI,VISUAL,1,0
518-ABC,TORQ_OOS,1,0
518-ABC,Unknown,1,0
518-DEF,TEMP_OOS,1,0
518-DEF,Unknown,1,0
518-GHI,VISUAL,1,0
518-JKL,TEMP_OOS,1,0
519-ABC,TORQ_OOS,1,0
520-ABC,LEAK,1,0
520-ABC,Unknown,1,0
520-JKL,Unknown,1,0
521-ABC,TORQ_OOS,1,0
521-ABC,Unknown,1,0
521-DEF,Unknown,1,0
521-GHI,VISUAL,1,0
521-JKL,TORQ_OOS,1,0
521-JKL,VISUAL,1,0
522-ABC,VISUAL,1,0
522-DEF,TORQ_OOS,1,0
522-DEF,VISUAL,1,0
522-GHI,LEAK,1,0
522-GHI,TEMP_OOS,1,0
522-JKL,Unknown,1,0
523-ABC,Unknown,1,0
523-GHI,TORQ_OOS,1,0
523-GHI,Unknown,1,0
523-JKL,TEMP_OOS,1,0
524-DEF,TEMP_OOS,1,0
524-DEF,Unknown,1,0
524-GHI,Unknown,1,0
525-ABC,TEMP_OOS,1,0
525-ABC,TORQ_OOS,1,0
525-ABC,Unknown,1,0
525-DEF,Unknown,1,0
525-GHI,Unknown,1,0
525-JKL,LEAK,1,0
525-JKL,TORQ_OOS,1,0
526-DEF,TEMP_OOS,1,0
526-DEF,TORQ_OOS,1,0
526-DEF,Unknown,1,0
526-JKL,VISUAL,1,0
527-ABC,Unknown,1,0
527-DEF,TEMP_OOS,1,0
527-GHI,TEMP_OOS,1,0
528-ABC,TEMP_OOS,1,0
528-ABC,TORQ_OOS,1,0
528-GHI,TEMP_OOS,1,0
528-GHI,TORQ_OOS,1,0
528-JKL,Unknown,1,0
529-DEF,TORQ_OOS,1,0
530-ABC,LEAK,1,0
530-ABC,Unknown,1,0
530-JKL,Unknown,1,0
531-DEF,Unknown,1,0
531-JKL,TEMP_OOS,1,0
531-JKL,Unknown,1,0
531-JKL,VISUAL,1,0
532-GHI,Unknown,1,0
532-JKL,LEAK,1,0
533-ABC,TEMP_OOS,1,0
533-ABC,Unknown,1,0
533-DEF,TORQ_OOS,1,0
533-DEF,Unknown,1,0
533-JKL,LEAK,1,0
534-GHI,Unknown,1,0
534-GHI,VISUAL,1,0
535-ABC,TORQ_OOS,1,0
535-DEF,TEMP_OOS,1,0
535-JKL,Unknown,1,0
536-GHI,TORQ_OOS,1,0
537-ABC,Unknown,1,0
537-DEF,TEMP_OOS,1,0
537-GHI,Unknown,1,0
537-JKL,Unknown,1,0
538-GHI,TEMP_OOS,1,0
538-GHI,TORQ_OOS,1,0
538-GHI,Unknown,1,0
539-ABC,Unknown,1,0
539-GHI,Unknown,1,0
540-ABC,TORQ_OOS,1,0
540-GHI,LEAK,1,0
540-GHI,TEMP_OOS,1,0
540-JKL,TEMP_OOS,1,0
541-ABC,VISUAL,1,0
541-DEF,TORQ_OOS,1,0
541-JKL,LEAK,1,0
542-ABC,LEAK,1,0
542-ABC,TEMP_OOS,1,0
542-GHI,LEAK,1,0
542-GHI,VISUAL,1,0
542-JKL,LEAK,1,0
543-JKL,Unknown,1,0
543-JKL,VISUAL,1,0
544-ABC,TEMP_OOS,1,0
544-ABC,Unknown,1,0
544-DEF,LEAK,1,0
544-DEF,Unknown,1,0
544-GHI,VISUAL,1,0
545-ABC,TEMP_OOS,1,0
545-ABC,TORQ_OOS,1,0
545-ABC,Unknown,1,0
545-DEF,LEAK,1,0
546-ABC,TEMP_OOS,1,0
546-ABC,Unknown,1,0
546-DEF,TORQ_OOS,1,0
546-DEF,Unknown,1,0
547-ABC,TORQ_OOS,1,0
547-ABC,Unknown,1,0
547-DEF,TEMP_OOS,1,0
547-JKL,TORQ_OOS,1,0
547-JKL,Unknown,1,0
548-ABC,Unknown,1,0
548-GHI,TORQ_OOS,1,0
549-ABC,LEAK,1,0
549-DEF,TORQ_OOS,1,0
550-ABC,TEMP_OOS,1,0
551-ABC,TORQ_OOS,1,0
551-GHI,Unknown,1,0
551-GHI,VISUAL,1,0
551-JKL,TORQ_OOS,1,0
552-ABC,TORQ_OOS,1,0
552-GHI,TORQ_OOS,1,0
552-JKL,TORQ_OOS,1,0
552-JKL,VISUAL,1,0
553-ABC,TORQ_OOS,1,0
553-ABC,VISUAL,1,0
553-DEF,LEAK,1,0
553-GHI,Unknown,1,0
554-DEF,VISUAL,1,0
554-GHI,VISUAL,1,0
554-JKL,TEMP_OOS,1,0
555-DEF,Unknown,1,0
555-GHI,Unknown,1,0
556-DEF,TORQ_OOS,1,0
556-JKL,Unknown,1,0
557-ABC,TORQ_OOS,1,0
557-ABC,Unknown,1,0
557-GHI,TORQ_OOS,1,0
557-GHI,Unknown,1,0
558-ABC,TEMP_OOS,1,0
558-DEF,Unknown,1,0
558-GHI,LEAK,1,0
559-ABC,VISUAL,1,0
559-DEF,TEMP_OOS,1,0
559-GHI,Unknown,1,0
560-DEF,TORQ_OOS,1,0
560-DEF,Unknown,1,0
560-GHI,VISUAL,1,0
561-ABC,VISUAL,1,0
562-ABC,LEAK,1,0
562-ABC,Unknown,1,0
562-GHI,LEAK,1,0
563-ABC,TORQ_OOS,1,0
563-DEF,TORQ_OOS,1,0
563-GHI,TEMP_OOS,1,0
564-GHI,TEMP_OOS,1,0
564-GHI,TORQ_OOS,1,0
564-GHI,VISUAL,1,0
564-JKL,Unknown,1,0
565-ABC,Unknown,1,0
565-DEF,LEAK,1,0
565-GHI,Unknown,1,0
565-GHI,VISUAL,1,0
565-JKL,TEMP_OOS,1,0
565-JKL,VISUAL,1,0
566-ABC,TORQ_OOS,1,0
566-DEF,VISUAL,1,0
566-GHI,TEMP_OOS,1,0
566-JKL,TORQ_OOS,1,0
567-ABC,LEAK,1,0
567-ABC,Unknown,1,0
567-ABC,VISUAL,1,0
567-JKL,TEMP_OOS,1,0
568-ABC,TEMP_OOS,1,0
568-ABC,Unknown,1,0
568-GHI,VISUAL,1,0
568-JKL,VISUAL,1,0
569-DEF,LEAK,1,0
569-GHI,TEMP_OOS,1,0
569-JKL,Unknown,1,0
570-GHI,TEMP_OOS,1,0
570-JKL,LEAK,1,0
571-ABC,TORQ_OOS,1,0
571-ABC,Unknown,1,0
571-DEF,Unknown,1,0
571-GHI,LEAK,1,0
572-ABC,TORQ_OOS,1,0
572-DEF,Unknown,1,0
573-ABC,TEMP_OOS,1,0
573-DEF,LEAK,1,0
573-DEF,Unknown,1,0
573-GHI,TORQ_OOS,1,0
573-JKL,VISUAL,1,0
574-ABC,LEAK,1,0
574-ABC,Unknown,1,0
574-JKL,Unknown,1,0
575-ABC,TEMP_OOS,1,0
575-GHI,TEMP_OOS,1,0
575-GHI,Unknown,1,0
575-JKL,TORQ_OOS,1,0
576-ABC,TEMP_OOS,1,0
576-DEF,TEMP_OOS,1,0
576-JKL,Unknown,1,0
577-ABC,VISUAL,1,0
577-DEF,TEMP_OOS,1,0
577-DEF,Unknown,1,0
578-GHI,TORQ_OOS,1,0
578-GHI,Unknown,1,0
579-GHI,Unknown,1,0
579-JKL,TEMP_OOS,1,0
580-ABC,TEMP_OOS,1,0
580-JKL,TORQ_OOS,1,0
581-ABC,Unknown,1,0
581-DEF,LEAK,1,0
581-DEF,Unknown,1,0
581-GHI,TEMP_OOS,1,0
581-JKL,LEAK,1,0
582-ABC,LEAK,1,0
582-GHI,TORQ_OOS,1,0
582-JKL,TEMP_OOS,1,0
583-DEF,TORQ_OOS,1,0
583-DEF,VISUAL,1,0
583-GHI,LEAK,1,0
583-GHI,TORQ_OOS,1,0
583-JKL,Unknown,1,0
584-ABC,LEAK,1,0
584-DEF,LEAK,1,0
584-GHI,Unknown,1,0
586-ABC,Unknown,1,0
586-DEF,TEMP_OOS,1,0
586-GHI,LEAK,1,0
586-JKL,LEAK,1,0
587-ABC,VISUAL,1,0
587-GHI,Unknown,1,0
587-JKL,TEMP_OOS,1,0
588-GHI,TEMP_OOS,1,0
589-ABC,TEMP_OOS,1,0
589-DEF,Unknown,1,0
590-ABC,LEAK,1,0
590-ABC,TEMP_OOS,1,0
590-DEF,TORQ_OOS,1,0
590-DEF,Unknown,1,0
590-JKL,TEMP_OOS,1,0
590-JKL,TORQ_OOS,1,0
591-ABC,TEMP_OOS,1,0
591-ABC,TORQ_OOS,1,0
591-ABC,Unknown,1,0
591-JKL,LEAK,1,0
591-JKL,VISUAL,1,0
592-ABC,TEMP_OOS,1,0
592-ABC,TORQ_OOS,1,0
592-ABC,Unknown,1,0
592-GHI,Unknown,1,0
592-JKL,Unknown,1,0
592-JKL,VISUAL,1,0
593-ABC,TEMP_OOS,1,0
593-DEF,Unknown,1,0
594-ABC,TEMP_OOS,1,0
594-GHI,LEAK,1,0
594-GHI,Unknown,1,0
595-ABC,TORQ_OOS,1,0
595-DEF,Unknown,1,0
595-JKL,Unknown,1,0
596-ABC,TORQ_OOS,1,0
596-DEF,TEMP_OOS,1,0
596-DEF,Unknown,1,0
598-ABC,TORQ_OOS,1,0
598-ABC,VISUAL,1,0
598-DEF,TEMP_OOS,1,0
598-DEF,TORQ_OOS,1,0
598-GHI,Unknown,1,0
598-GHI,VISUAL,1,0
598-JKL,TORQ_OOS,1,0
599-ABC,VISUAL,1,0
599-JKL,Unknown,1,0
600-ABC,LEAK,1,0
600-DEF,TORQ_OOS,1,0
600-GHI,Unknown,1,0
601-ABC,VISUAL,1,0
601-GHI,VISUAL,1,0
602-DEF,TORQ_OOS,1,0
602-DEF,VISUAL,1,0
603-ABC,TORQ_OOS,1,0
603-ABC,Unknown,1,0
603-DEF,TORQ_OOS,1,0
603-GHI,TEMP_OOS,1,0
604-DEF,TORQ_OOS,1,0
604-JKL,Unknown,1,0
605-ABC,TORQ_OOS,1,0
605-ABC,Unknown,1,0
605-GHI,LEAK,1,0
605-GHI,TORQ_OOS,1,0
606-ABC,TORQ_OOS,1,0
606-DEF,LEAK,1,0
606-GHI,Unknown,1,0
606-JKL,TEMP_OOS,1,0
606-JKL,TORQ_OOS,1,0
607-ABC,Unknown,1,0
607-DEF,LEAK,1,0
607-DEF,TEMP_OOS,1,0
607-GHI,LEAK,1,0
608-ABC,Unknown,1,0
608-DEF,TORQ_OOS,1,0
608-DEF,Unknown,1,0
608-GHI,TEMP_OOS,1,0
608-JKL,TEMP_OOS,1,0
609-ABC,TEMP_OOS,1,0
609-ABC,Unknown,1,0
609-GHI,TORQ_OOS,1,0
609-GHI,Unknown,1,0
610-ABC,LEAK,1,0
610-ABC,VISUAL,1,0
610-GHI,TEMP_OOS,1,0
610-GHI,Unknown,1,0
610-GHI,VISUAL,1,0
611-ABC,LEAK,1,0
611-ABC,Unknown,1,0
611-GHI,TEMP_OOS,1,0
611-JKL,LEAK,1,0
611-JKL,TEMP_OOS,1,0
611-JKL,Unknown,1,0
612-ABC,TORQ_OOS,1,0
612-ABC,Unknown,1,0
612-DEF,Unknown,1,0
612-JKL,LEAK,1,0
612-JKL,Unknown,1,0
613-ABC,VISUAL,1,0
613-GHI,Unknown,1,0
613-JKL,Unknown,1,0
614-ABC,Unknown,1,0
614-DEF,LEAK,1,0
614-GHI,Unknown,1,0
614-GHI,VISUAL,1,0
614-JKL,Unknown,1,0
615-ABC,Unknown,1,0
615-DEF,LEAK,1,0
615-DEF,TEMP_OOS,1,0
615-GHI,TORQ_OOS,1,0
615-GHI,Unknown,1,0
615-JKL,TORQ_OOS,1,0
615-JKL,Unknown,1,0
616-ABC,TEMP_OOS,1,0
616-DEF,LEAK,1,0
616-DEF,Unknown,1,0
617-DEF,Unknown,1,0
617-JKL,TEMP_OOS,1,0
618-ABC,Unknown,1,0
618-GHI,VISUAL,1,0
618-JKL,LEAK,1,0
618-JKL,Unknown,1,0
619-ABC,TORQ_OOS,1,0
619-DEF,TORQ_OOS,1,0
619-GHI,TORQ_OOS,1,0
619-GHI,Unknown,1,0
619-JKL,TEMP_OOS,1,0
620-DEF,TORQ_OOS,1,0
620-DEF,Unknown,1,0
620-JKL,Unknown,1,0
621-ABC,LEAK,1,0
621-DEF,Unknown,1,0
621-DEF,VISUAL,1,0
621-GHI,TORQ_OOS,1,0
621-GHI,VISUAL,1,0
621-JKL,Unknown,1,0
622-ABC,Unknown,1,0
622-DEF,LEAK,1,0
622-DEF,TORQ_OOS,1,0
622-GHI,LEAK,1,0
622-GHI,TORQ_OOS,1,0
622-JKL,Unknown,1,0
623-DEF,TEMP_OOS,1,0
625-ABC,LEAK,1,0
625-ABC,TORQ_OOS,1,0
625-GHI,LEAK,1,0
625-JKL,TORQ_OOS,1,0
625-JKL,Unknown,1,0
626-JKL,Unknown,1,0
627-JKL,Unknown,1,0
629-ABC,LEAK,1,0
629-ABC,TEMP_OOS,1,0
629-ABC,TORQ_OOS,1,0
629-ABC,VISUAL,1,0
630-ABC,VISUAL,1,0
630-DEF,Unknown,1,0
631-ABC,LEAK,1,0
631-ABC,TORQ_OOS,1,0
631-ABC,VISUAL,1,0
631-DEF,VISUAL,1,0
631-GHI,LEAK,1,0
632-DEF,TORQ_OOS,1,0
633-ABC,LEAK,1,0
633-GHI,TORQ_OOS,1,0
634-GHI,LEAK,1,0
634-GHI,Unknown,1,0
635-ABC,Unknown,1,0
635-DEF,Unknown,1,0
635-DEF,VISUAL,1,0
635-GHI,Unknown,1,0
635-JKL,Unknown,1,0
636-ABC,Unknown,1,0
637-ABC,LEAK,1,0
637-ABC,TORQ_OOS,1,0
637-GHI,VISUAL,1,0
637-JKL,TORQ_OOS,1,0
637-JKL,VISUAL,1,0
638-ABC,Unknown,1,0
638-DEF,LEAK,1,0
638-DEF,TEMP_OOS,1,0
638-GHI,LEAK,1,0
639-ABC,TORQ_OOS,1,0
640-ABC,TORQ_OOS,1,0
640-DEF,TEMP_OOS,1,0
640-DEF,Unknown,1,0
640-JKL,TEMP_OOS,1,0
640-JKL,Unknown,1,0
641-ABC,LEAK,1,0
641-ABC,VISUAL,1,0
641-DEF,TORQ_OOS,1,0
641-DEF,Unknown,1,0
641-JKL,TEMP_OOS,1,0
642-ABC,TEMP_OOS,1,0
642-ABC,Unknown,1,0
642-DEF,Unknown,1,0
642-GHI,TORQ_OOS,1,0
642-JKL,Unknown,1,0
643-ABC,Unknown,1,0
643-GHI,TORQ_OOS,1,0
643-JKL,LEAK,1,0
644-ABC,LEAK,1,0
644-DEF,Unknown,1,0
644-GHI,LEAK,1,0
644-JKL,LEAK,1,0
644-JKL,TEMP_OOS,1,0
645-DEF,Unknown,1,0
645-GHI,TEMP_OOS,1,0
645-GHI,Unknown,1,0
645-GHI,VISUAL,1,0
645-JKL,TORQ_OOS,1,0
645-JKL,Unknown,1,0
646-ABC,LEAK,1,0
646-ABC,TORQ_OOS,1,0
646-DEF,VISUAL,1,0
647-ABC,LEAK,1,0
647-ABC,TEMP_OOS,1,0
647-JKL,LEAK,1,0
647-JKL,TEMP_OOS,1,0
647-JKL,TORQ_OOS,1,0
647-JKL,Unknown,1,0
648-ABC,VISUAL,1,0
648-DEF,TEMP_OOS,1,0
648-GHI,Unknown,1,0
648-JKL,VISUAL,1,0
649-ABC,LEAK,1,0
649-ABC,TEMP_OOS,1,0
649-ABC,Unknown,1,0
649-GHI,Unknown,1,0
649-JKL,TEMP_OOS,1,0
649-JKL,Unknown,1,0
650-DEF,Unknown,1,0
650-GHI,TORQ_OOS,1,0
650-GHI,Unknown,1,0
650-JKL,TORQ_OOS,1,0
650-JKL,Unknown,1,0
651-DEF,TORQ_OOS,1,0
651-GHI,TORQ_OOS,1,0
652-ABC,LEAK,1,0
652-ABC,TORQ_OOS,1,0
652-ABC,Unknown,1,0
652-GHI,LEAK,1,0
653-ABC,Unknown,1,0
653-JKL,LEAK,1,0
653-JKL,TORQ_OOS,1,0
654-ABC,Unknown,1,0
654-DEF,Unknown,1,0
654-GHI,TORQ_OOS,1,0
654-GHI,Unknown,1,0
654-JKL,TEMP_OOS,1,0
654-JKL,Unknown,1,0
655-GHI,Unknown,1,0
657-ABC,TEMP_OOS,1,0
657-DEF,Unknown,1,0
657-GHI,LEAK,1,0
657-JKL,TEMP_OOS,1,0
658-ABC,TEMP_OOS,1,0
658-ABC,Unknown,1,0
658-DEF,TEMP_OOS,1,0
658-GHI,TORQ_OOS,1,0
658-GHI,VISUAL,1,0
658-JKL,LEAK,1,0
659-DEF,TORQ_OOS,1,0
660-DEF,LEAK,1,0
660-DEF,TORQ_OOS,1,0
660-DEF,Unknown,1,0
661-GHI,Unknown,1,0
661-JKL,TORQ_OOS,1,0
662-ABC,TORQ_OOS,1,0
662-ABC,Unknown,1,0
662-DEF,LEAK,1,0
662-DEF,TORQ_OOS,1,0
662-GHI,LEAK,1,0
662-JKL,LEAK,1,0
663-ABC,Unknown,1,0
663-ABC,VISUAL,1,0
663-JKL,TORQ_OOS,1,0
663-JKL,VISUAL,1,0
664-DEF,TORQ_OOS,1,0
665-ABC,TEMP_OOS,1,0
665-ABC,Unknown,1,0
665-DEF,VISUAL,1,0
666-ABC,LEAK,1,0
666-DEF,LEAK,1,0
666-GHI,LEAK,1,0
666-GHI,Unknown,1,0
666-JKL,LEAK,1,0
667-JKL,LEAK,1,0
667-JKL,TORQ_OOS,1,0
668-JKL,Unknown,1,0
669-DEF,TORQ_OOS,1,0
670-ABC,LEAK,1,0
670-ABC,TORQ_OOS,1,0
670-DEF,LEAK,1,0
670-GHI,Unknown,1,0
670-JKL,LEAK,1,0
670-JKL,TEMP_OOS,1,0
671-ABC,TORQ_OOS,1,0
671-ABC,Unknown,1,0
671-DEF,LEAK,1,0
671-JKL,TEMP_OOS,1,0
672-ABC,VISUAL,1,0
672-DEF,Unknown,1,0
672-GHI,TORQ_OOS,1,0
672-GHI,Unknown,1,0
672-JKL,TORQ_OOS,1,0
673-ABC,TORQ_OOS,1,0
673-DEF,Unknown,1,0
673-GHI,TEMP_OOS,1,0
673-GHI,TORQ_OOS,1,0
673-JKL,Unknown,1,0
674-DEF,LEAK,1,0
675-GHI,TORQ_OOS,1,0
675-JKL,TEMP_OOS,1,0
675-JKL,TORQ_OOS,1,0
676-DEF,TORQ_OOS,1,0
677-ABC,TORQ_OOS,1,0
677-ABC,Unknown,1,0
677-GHI,TORQ_OOS,1,0
677-JKL,TEMP_OOS,1,0
678-DEF,TEMP_OOS,1,0
678-DEF,Unknown,1,0
678-JKL,TEMP_OOS,1,0
678-JKL,Unknown,1,0
678-JKL,VISUAL,1,0
679-DEF,TEMP_OOS,1,0
679-JKL,Unknown,1,0
680-ABC,LEAK,1,0
680-ABC,Unknown,1,0
680-DEF,LEAK,1,0
680-DEF,Unknown,1,0
680-GHI,TEMP_OOS,1,0
681-DEF,Unknown,1,0
681-GHI,Unknown,1,0
681-JKL,TORQ_OOS,1,0
682-DEF,TORQ_OOS,1,0
682-DEF,Unknown,1,0
682-DEF,VISUAL,1,0
682-JKL,TORQ_OOS,1,0
683-DEF,TORQ_OOS,1,0
683-DEF,Unknown,1,0
683-DEF,VISUAL,1,0
683-GHI,TORQ_OOS,1,0
684-ABC,Unknown,1,0
684-DEF,TEMP_OOS,1,0
684-GHI,TORQ_OOS,1,0
685-ABC,LEAK,1,0
685-ABC,TEMP_OOS,1,0
685-DEF,TORQ_OOS,1,0
685-DEF,Unknown,1,0
685-GHI,TORQ_OOS,1,0
685-JKL,TORQ_OOS,1,0
686-ABC,Unknown,1,0
686-DEF,TORQ_OOS,1,0
687-ABC,LEAK,1,0
687-DEF,TORQ_OOS,1,0
687-GHI,VISUAL,1,0
688-DEF,LEAK,1,0
688-JKL,TEMP_OOS,1,0
688-JKL,TORQ_OOS,1,0
689-ABC,VISUAL,1,0
689-DEF,TEMP_OOS,1,0
690-ABC,Unknown,1,0
691-DEF,LEAK,1,0
691-DEF,Unknown,1,0
691-DEF,VISUAL,1,0
691-GHI,TORQ_OOS,1,0
691-GHI,Unknown,1,0
692-ABC,VISUAL,1,0
692-DEF,TEMP_OOS,1,0
692-DEF,Unknown,1,0
692-GHI,TEMP_OOS,1,0
692-GHI,TORQ_OOS,1,0
693-ABC,TORQ_OOS,1,0
693-ABC,Unknown,1,0
693-DEF,Unknown,1,0
693-JKL,VISUAL,1,0
694-ABC,TEMP_OOS,1,0
694-ABC,VISUAL,1,0
694-GHI,TEMP_OOS,1,0
694-GHI,TORQ_OOS,1,0
694-JKL,LEAK,1,0
695-DEF,VISUAL,1,0
696-JKL,LEAK,1,0
696-JKL,Unknown,1,0
697-DEF,LEAK,1,0
697-JKL,Unknown,1,0
698-DEF,Unknown,1,0
698-GHI,Unknown,1,0
698-JKL,TORQ_OOS,1,0
698-JKL,VISUAL,1,0
699-ABC,TORQ_OOS,1,0
699-ABC,VISUAL,1,0
699-DEF,Unknown,1,0
699-JKL,LEAK,1,0
700-ABC,Unknown,1,0
700-DEF,TORQ_OOS,1,0
700-JKL,TORQ_OOS,1,0
700-JKL,Unknown,1,0
701-DEF,TEMP_OOS,1,0
702-ABC,TEMP_OOS,1,0
702-GHI,TEMP_OOS,1,0
702-GHI,Unknown,1,0
703-ABC,Unknown,1,0
704-ABC,LEAK,1,0
704-ABC,TORQ_OOS,1,0
704-ABC,Unknown,1,0
704-JKL,TORQ_OOS,1,0
704-JKL,VISUAL,1,0
705-ABC,LEAK,1,0
705-DEF,TORQ_OOS,1,0
705-GHI,TORQ_OOS,1,0
706-ABC,TORQ_OOS,1,0
706-JKL,Unknown,1,0
707-DEF,TEMP_OOS,1,0
707-GHI,TORQ_OOS,1,0
708-DEF,TORQ_OOS,1,0
708-GHI,LEAK,1,0
708-JKL,Unknown,1,0
709-ABC,LEAK,1,0
709-ABC,Unknown,1,0
709-JKL,Unknown,1,0
710-ABC,Unknown,1,0
710-DEF,TORQ_OOS,1,0
710-DEF,Unknown,1,0
710-GHI,LEAK,1,0
710-GHI,Unknown,1,0
711-DEF,LEAK,1,0
711-DEF,TORQ_OOS,1,0
712-DEF,LEAK,1,0
712-DEF,TORQ_OOS,1,0
712-GHI,LEAK,1,0
712-GHI,TEMP_OOS,1,0
712-GHI,VISUAL,1,0
712-JKL,TEMP_OOS,1,0
712-JKL,Unknown,1,0
713-ABC,TEMP_OOS,1,0
713-DEF,VISUAL,1,0
713-JKL,LEAK,1,0
713-JKL,Unknown,1,0
714-ABC,TORQ_OOS,1,0
714-DEF,Unknown,1,0
714-GHI,TORQ_OOS,1,0
714-GHI,Unknown,1,0
714-GHI,VISUAL,1,0
714-JKL,Unknown,1,0
715-ABC,TORQ_OOS,1,0
715-DEF,TORQ_OOS,1,0
715-GHI,TEMP_OOS,1,0
715-JKL,TEMP_OOS,1,0
716-ABC,TEMP_OOS,1,0
716-DEF,Unknown,1,0
716-GHI,Unknown,1,0
716-JKL,LEAK,1,0
716-JKL,Unknown,1,0
717-ABC,TORQ_OOS,1,0
717-ABC,VISUAL,1,0
717-DEF,LEAK,1,0
718-DEF,LEAK,1,0
718-GHI,TORQ_OOS,1,0
718-JKL,Unknown,1,0
718-JKL,VISUAL,1,0
719-ABC,Unknown,1,0
719-ABC,VISUAL,1,0
719-GHI,Unknown,1,0
719-JKL,TORQ_OOS,1,0
719-JKL,Unknown,1,0
719-JKL,VISUAL,1,0
720-DEF,TEMP_OOS,1,0
720-DEF,TORQ_OOS,1,0
720-GHI,TEMP_OOS,1,0
721-ABC,TORQ_OOS,1,0
721-ABC,Unknown,1,0
721-DEF,LEAK,1,0
721-DEF,Unknown,1,0
721-GHI,Unknown,1,0
721-JKL,LEAK,1,0
722-ABC,LEAK,1,0
722-GHI,VISUAL,1,0
722-JKL,LEAK,1,0
723-ABC,VISUAL,1,0
723-JKL,Unknown,1,0
724-ABC,TEMP_OOS,1,0
725-ABC,TEMP_OOS,1,0
725-DEF,Unknown,1,0
725-GHI,TORQ_OOS,1,0
725-GHI,Unknown,1,0
725-JKL,VISUAL,1,0
726-GHI,VISUAL,1,0
726-JKL,VISUAL,1,0
727-DEF,LEAK,1,0
727-DEF,Unknown,1,0
727-GHI,Unknown,1,0
727-JKL,TEMP_OOS,1,0
728-ABC,VISUAL,1,0
728-DEF,LEAK,1,0
728-DEF,Unknown,1,0
728-GHI,Unknown,1,0
728-JKL,TORQ_OOS,1,0
729-DEF,TORQ_OOS,1,0
730-GHI,TEMP_OOS,1,0
731-DEF,Unknown,1,0
731-GHI,TORQ_OOS,1,0
731-JKL,Unknown,1,0
731-JKL,VISUAL,1,0
732-ABC,Unknown,1,0
732-DEF,TORQ_OOS,1,0
732-JKL,TEMP_OOS,1,0
732-JKL,Unknown,1,0
732-JKL,VISUAL,1,0
733-ABC,Unknown,1,0
733-ABC,VISUAL,1,0
733-GHI,TORQ_OOS,1,0
733-GHI,Unknown,1,0
733-JKL,TEMP_OOS,1,0
733-JKL,TORQ_OOS,1,0
733-JKL,Unknown,1,0
734-ABC,TEMP_OOS,1,0
734-DEF,VISUAL,1,0
734-JKL,LEAK,1,0
734-JKL,TEMP_OOS,1,0
734-JKL,Unknown,1,0
735-ABC,TORQ_OOS,1,0
735-ABC,Unknown,1,0
735-DEF,TORQ_OOS,1,0
736-ABC,TEMP_OOS,1,0
736-ABC,VISUAL,1,0
736-DEF,TEMP_OOS,1,0
736-JKL,LEAK,1,0
736-JKL,TEMP_OOS,1,0
737-ABC,TORQ_OOS,1,0
737-GHI,Unknown,1,0
738-ABC,TORQ_OOS,1,0
738-DEF,Unknown,1,0
738-GHI,VISUAL,1,0
738-JKL,Unknown,1,0
739-DEF,LEAK,1,0
739-GHI,VISUAL,1,0
739-JKL,TORQ_OOS,1,0
740-DEF,TEMP_OOS,1,0
740-DEF,TORQ_OOS,1,0
740-GHI,TEMP_OOS,1,0
740-GHI,VISUAL,1,0
740-JKL,TORQ_OOS,1,0
741-ABC,TEMP_OOS,1,0
741-DEF,TORQ_OOS,1,0
741-GHI,Unknown,1,0
742-ABC,TORQ_OOS,1,0
742-DEF,TORQ_OOS,1,0
742-GHI,Unknown,1,0
742-GHI,VISUAL,1,0
743-ABC,TEMP_OOS,1,0
743-JKL,TORQ_OOS,1,0
743-JKL,Unknown,1,0
744-GHI,TEMP_OOS,1,0
745-ABC,LEAK,1,0
745-DEF,TORQ_OOS,1,0
745-JKL,LEAK,1,0
745-JKL,Unknown,1,0
747-DEF,Unknown,1,0
747-GHI,VISUAL,1,0
748-ABC,TORQ_OOS,1,0
748-ABC,VISUAL,1,0
748-DEF,TEMP_OOS,1,0
749-DEF,TORQ_OOS,1,0
749-DEF,Unknown,1,0
749-GHI,Unknown,1,0
749-JKL,LEAK,1,0
749-JKL,Unknown,1,0
750-ABC,TEMP_OOS,1,0
750-DEF,TEMP_OOS,1,0
750-DEF,Unknown,1,0
750-GHI,TEMP_OOS,1,0
750-GHI,TORQ_OOS,1,0
750-GHI,Unknown,1,0
750-JKL,Unknown,1,0
751-DEF,TEMP_OOS,1,0
751-DEF,Unknown,1,0
751-GHI,Unknown,1,0
751-JKL,TEMP_OOS,1,0
752-DEF,TORQ_OOS,1,0
752-DEF,Unknown,1,0
752-GHI,TORQ_OOS,1,0
753-ABC,Unknown,1,0
753-DEF,TORQ_OOS,1,0
753-DEF,Unknown,1,0
753-GHI,TEMP_OOS,1,0
753-GHI,Unknown,1,0
754-ABC,Unknown,1,0
754-GHI,LEAK,1,0
754-GHI,TORQ_OOS,1,0
755-ABC,TEMP_OOS,1,0
755-GHI,TEMP_OOS,1,0
755-GHI,Unknown,1,0
756-ABC,Unknown,1,0
756-GHI,TEMP_OOS,1,0
757-ABC,TORQ_OOS,1,0
757-ABC,VISUAL,1,0
757-GHI,Unknown,1,0
757-JKL,VISUAL,1,0
758-ABC,Unknown,1,0
758-DEF,Unknown,1,0
758-JKL,LEAK,1,0
759-GHI,Unknown,1,0
760-DEF,TORQ_OOS,1,0
760-DEF,Unknown,1,0
760-GHI,TEMP_OOS,1,0
760-JKL,TORQ_OOS,1,0
761-GHI,TORQ_OOS,1,0
761-GHI,VISUAL,1,0
761-JKL,LEAK,1,0
761-JKL,Unknown,1,0
762-ABC,TEMP_OOS,1,0
762-DEF,TORQ_OOS,1,0
762-JKL,LEAK,1,0
762-JKL,TEMP_OOS,1,0
763-ABC,Unknown,1,0
763-GHI,TORQ_OOS,1,0
763-GHI,Unknown,1,0
763-JKL,TORQ_OOS,1,0
764-ABC,TEMP_OOS,1,0
764-DEF,LEAK,1,0
764-JKL,LEAK,1,0
765-DEF,TORQ_OOS,1,0
765-GHI,TEMP_OOS,1,0
765-GHI,Unknown,1,0
766-ABC,LEAK,1,0
766-GHI,TEMP_OOS,1,0
766-JKL,TORQ_OOS,1,0
766-JKL,VISUAL,1,0
767-ABC,LEAK,1,0
767-DEF,Unknown,1,0
767-DEF,VISUAL,1,0
767-JKL,TEMP_OOS,1,0
768-ABC,TORQ_OOS,1,0
768-DEF,TEMP_OOS,1,0
768-DEF,TORQ_OOS,1,0
768-GHI,TORQ_OOS,1,0
768-JKL,TEMP_OOS,1,0
769-JKL,Unknown,1,0
770-GHI,Unknown,1,0
770-JKL,TEMP_OOS,1,0
771-ABC,Unknown,1,0
771-GHI,TORQ_OOS,1,0
771-JKL,LEAK,1,0
771-JKL,TORQ_OOS,1,0
771-JKL,Unknown,1,0
772-ABC,Unknown,1,0
772-GHI,TORQ_OOS,1,0
773-ABC,TEMP_OOS,1,0
773-ABC,TORQ_OOS,1,0
773-JKL,LEAK,1,0
774-ABC,TORQ_OOS,1,0
774-ABC,Unknown,1,0
774-GHI,Unknown,1,0
775-ABC,TORQ_OOS,1,0
775-DEF,TEMP_OOS,1,0
775-JKL,LEAK,1,0
776-ABC,Unknown,1,0
776-GHI,Unknown,1,0
776-JKL,TEMP_OOS,1,0
777-DEF,LEAK,1,0
778-ABC,VISUAL,1,0
778-DEF,TEMP_OOS,1,0
778-DEF,Unknown,1,0
778-JKL,LEAK,1,0
778-JKL,Unknown,1,0
779-ABC,VISUAL,1,0
779-DEF,Unknown,1,0
779-GHI,Unknown,1,0
780-ABC,TEMP_OOS,1,0
780-ABC,VISUAL,1,0
780-DEF,LEAK,1,0
780-GHI,Unknown,1,0
781-ABC,LEAK,1,0
781-ABC,TEMP_OOS,1,0
781-ABC,Unknown,1,0
781-ABC,VISUAL,1,0
781-JKL,TORQ_OOS,1,0
781-JKL,Unknown,1,0
782-ABC,Unknown,1,0
782-DEF,LEAK,1,0
782-DEF,TEMP_OOS,1,0
783-ABC,Unknown,1,0
783-DEF,Unknown,1,0
783-GHI,TEMP_OOS,1,0
783-JKL,TORQ_OOS,1,0
784-ABC,TORQ_OOS,1,0
784-DEF,Unknown,1,0
784-GHI,TORQ_OOS,1,0
784-JKL,LEAK,1,0
785-DEF,TEMP_OOS,1,0
785-DEF,Unknown,1,0
785-JKL,Unknown,1,0
785-JKL,VISUAL,1,0
786-GHI,TEMP_OOS,1,0
786-JKL,Unknown,1,0
787-ABC,Unknown,1,0
787-DEF,TORQ_OOS,1,0
788-GHI,Unknown,1,0
788-JKL,TEMP_OOS,1,0
789-ABC,Unknown,1,0
789-DEF,LEAK,1,0
789-JKL,TORQ_OOS,1,0
790-DEF,VISUAL,1,0
790-GHI,Unknown,1,0
790-JKL,TORQ_OOS,1,0
790-JKL,VISUAL,1,0
791-DEF,Unknown,1,0
791-GHI,TORQ_OOS,1,0
791-GHI,Unknown,1,0
792-ABC,Unknown,1,0
793-ABC,TEMP_OOS,1,0
793-DEF,LEAK,1,0
793-GHI,VISUAL,1,0
793-JKL,LEAK,1,0
794-JKL,Unknown,1,0
795-ABC,Unknown,1,0
795-GHI,TORQ_OOS,1,0
795-GHI,Unknown,1,0
795-JKL,Unknown,1,0
796-DEF,TEMP_OOS,1,0
796-DEF,TORQ_OOS,1,0
796-GHI,LEAK,1,0
796-JKL,VISUAL,1,0
797-ABC,LEAK,1,0
797-ABC,Unknown,1,0
797-DEF,TORQ_OOS,1,0
797-GHI,Unknown,1,0
797-JKL,LEAK,1,0
798-DEF,Unknown,1,0
798-GHI,TEMP_OOS,1,0
798-JKL,TORQ_OOS,1,0
798-JKL,Unknown,1,0
799-ABC,LEAK,1,0
799-DEF,TEMP_OOS,1,0
799-DEF,Unknown,1,0
799-GHI,Unknown,1,0
800-ABC,TORQ_OOS,1,0
800-ABC,VISUAL,1,0
800-DEF,TEMP_OOS,1,0
800-GHI,LEAK,1,0
801-ABC,TEMP_OOS,1,0
802-DEF,TEMP_OOS,1,0
802-DEF,Unknown,1,0
802-JKL,Unknown,1,0
802-JKL,VISUAL,1,0
803-ABC,TORQ_OOS,1,0
803-ABC,Unknown,1,0
803-DEF,LEAK,1,0
803-DEF,VISUAL,1,0
803-GHI,LEAK,1,0
803-GHI,Unknown,1,0
803-JKL,TEMP_OOS,1,0
804-ABC,TORQ_OOS,1,0
804-DEF,TEMP_OOS,1,0
804-DEF,VISUAL,1,0
805-DEF,TEMP_OOS,1,0
805-GHI,Unknown,1,0
805-JKL,Unknown,1,0
806-DEF,LEAK,1,0
806-JKL,Unknown,1,0
807-ABC,Unknown,1,0
807-GHI,TORQ_OOS,1,0
807-JKL,Unknown,1,0
808-GHI,TEMP_OOS,1,0
808-GHI,TORQ_OOS,1,0
809-ABC,TEMP_OOS,1,0
809-ABC,VISUAL,1,0
809-DEF,TEMP_OOS,1,0
809-JKL,TORQ_OOS,1,0
809-JKL,VISUAL,1,0
810-DEF,TORQ_OOS,1,0
810-GHI,TORQ_OOS,1,0
810-JKL,LEAK,1,0
810-JKL,TEMP_OOS,1,0
811-GHI,TORQ_OOS,1,0
812-GHI,LEAK,1,0
813-ABC,TORQ_OOS,1,0
813-ABC,VISUAL,1,0
813-DEF,TEMP_OOS,1,0
813-DEF,TORQ_OOS,1,0
813-DEF,Unknown,1,0
813-GHI,Unknown,1,0
813-JKL,LEAK,1,0
814-ABC,VISUAL,1,0
814-DEF,VISUAL,1,0
814-GHI,TEMP_OOS,1,0
814-JKL,LEAK,1,0
815-ABC,LEAK,1,0
815-ABC,TEMP_OOS,1,0
815-ABC,Unknown,1,0
815-DEF,TORQ_OOS,1,0
815-GHI,TEMP_OOS,1,0
815-GHI,Unknown,1,0
816-GHI,Unknown,1,0
817-ABC,TEMP_OOS,1,0
817-DEF,Unknown,1,0
817-GHI,LEAK,1,0
818-ABC,Unknown,1,0
818-DEF,TORQ_OOS,1,0
818-DEF,VISUAL,1,0
818-GHI,TEMP_OOS,1,0
818-GHI,TORQ_OOS,1,0
819-ABC,Unknown,1,0
819-GHI,Unknown,1,0
819-JKL,Unknown,1,0
819-JKL,VISUAL,1,0
820-ABC,TORQ_OOS,1,0
820-ABC,VISUAL,1,0
820-DEF,Unknown,1,0
820-JKL,LEAK,1,0
821-ABC,LEAK,1,0
821-ABC,TORQ_OOS,1,0
821-DEF,TEMP_OOS,1,0
821-DEF,TORQ_OOS,1,0
821-DEF,Unknown,1,0
821-GHI,TORQ_OOS,1,0
822-ABC,LEAK,1,0
822-JKL,Unknown,1,0
823-DEF,TORQ_OOS,1,0
823-DEF,Unknown,1,0
823-GHI,VISUAL,1,0
824-ABC,TEMP_OOS,1,0
824-ABC,TORQ_OOS,1,0
824-ABC,Unknown,1,0
824-DEF,TORQ_OOS,1,0
825-ABC,Unknown,1,0
825-DEF,TORQ_OOS,1,0
825-DEF,Unknown,1,0
825-GHI,TORQ_OOS,1,0
825-JKL,TORQ_OOS,1,0
825-JKL,Unknown,1,0
827-ABC,Unknown,1,0
827-DEF,LEAK,1,0
827-GHI,LEAK,1,0
827-GHI,Unknown,1,0
827-JKL,Unknown,1,0
827-JKL,VISUAL,1,0
829-ABC,LEAK,1,0
829-ABC,TORQ_OOS,1,0
829-DEF,TEMP_OOS,1,0
829-JKL,LEAK,1,0
830-ABC,LEAK,1,0
830-DEF,Unknown,1,0
830-GHI,TORQ_OOS,1,0
831-GHI,TORQ_OOS,1,0
831-JKL,Unknown,1,0
832-ABC,TORQ_OOS,1,0
832-DEF,TORQ_OOS,1,0
832-GHI,LEAK,1,0
832-GHI,Unknown,1,0
832-JKL,Unknown,1,0
833-DEF,Unknown,1,0
834-ABC,TORQ_OOS,1,0
834-ABC,Unknown,1,0
834-DEF,TEMP_OOS,1,0
834-DEF,Unknown,1,0
834-JKL,LEAK,1,0
835-ABC,Unknown,1,0
835-GHI,TORQ_OOS,1,0
835-GHI,Unknown,1,0
835-GHI,VISUAL,1,0
835-JKL,LEAK,1,0
835-JKL,TORQ_OOS,1,0
836-DEF,TEMP_OOS,1,0
836-DEF,Unknown,1,0
836-GHI,Unknown,1,0
836-JKL,TORQ_OOS,1,0
837-ABC,Unknown,1,0
837-DEF,Unknown,1,0
837-GHI,Unknown,1,0
838-ABC,Unknown,1,0
838-GHI,TORQ_OOS,1,0
838-GHI,Unknown,1,0
838-JKL,Unknown,1,0
839-ABC,Unknown,1,0
839-DEF,Unknown,1,0
839-JKL,TEMP_OOS,1,0
840-GHI,TEMP_OOS,1,0
840-GHI,Unknown,1,0
841-JKL,LEAK,1,0
842-ABC,TEMP_OOS,1,0
842-ABC,Unknown,1,0
842-DEF,LEAK,1,0
843-DEF,TORQ_OOS,1,0
843-GHI,LEAK,1,0
843-JKL,Unknown,1,0
844-ABC,Unknown,1,0
844-DEF,Unknown,1,0
844-JKL,Unknown,1,0
845-ABC,LEAK,1,0
845-ABC,Unknown,1,0
845-GHI,TORQ_OOS,1,0
845-GHI,Unknown,1,0
845-JKL,TORQ_OOS,1,0
846-DEF,TEMP_OOS,1,0
846-DEF,Unknown,1,0
846-GHI,TORQ_OOS,1,0
846-GHI,Unknown,1,0
846-GHI,VISUAL,1,0
847-ABC,LEAK,1,0
847-ABC,Unknown,1,0
847-GHI,LEAK,1,0
847-GHI,TEMP_OOS,1,0
847-JKL,Unknown,1,0
848-ABC,TORQ_OOS,1,0
848-DEF,TORQ_OOS,1,0
848-DEF,Unknown,1,0
848-GHI,Unknown,1,0
848-JKL,TEMP_OOS,1,0
849-DEF,Unknown,1,0
849-JKL,Unknown,1,0
850-DEF,TEMP_OOS,1,0
850-GHI,Unknown,1,0
851-DEF,TEMP_OOS,1,0
851-DEF,Unknown,1,0
851-GHI,VISUAL,1,0
851-JKL,Unknown,1,0
852-ABC,Unknown,1,0
852-ABC,VISUAL,1,0
852-DEF,TEMP_OOS,1,0
852-GHI,LEAK,1,0
852-GHI,Unknown,1,0
852-JKL,VISUAL,1,0
853-ABC,TORQ_OOS,1,0
853-ABC,Unknown,1,0
853-ABC,VISUAL,1,0
853-GHI,TEMP_OOS,1,0
853-GHI,TORQ_OOS,1,0
853-JKL,Unknown,1,0
854-ABC,TEMP_OOS,1,0
854-DEF,LEAK,1,0
854-JKL,LEAK,1,0
856-ABC,LEAK,1,0
856-ABC,VISUAL,1,0
856-DEF,VISUAL,1,0
856-GHI,TEMP_OOS,1,0
856-JKL,LEAK,1,0
857-ABC,TORQ_OOS,1,0
857-DEF,TORQ_OOS,1,0
857-GHI,TORQ_OOS,1,0
858-ABC,LEAK,1,0
858-ABC,TEMP_OOS,1,0
858-DEF,TORQ_OOS,1,0
858-GHI,TEMP_OOS,1,0
858-GHI,Unknown,1,0
858-JKL,Unknown,1,0
859-DEF,TEMP_OOS,1,0
859-GHI,TORQ_OOS,1,0
859-JKL,TORQ_OOS,1,0
859-JKL,Unknown,1,0
860-JKL,TORQ_OOS,1,0
861-ABC,LEAK,1,0
861-ABC,Unknown,1,0
861-GHI,TEMP_OOS,1,0
861-JKL,TORQ_OOS,1,0
861-JKL,Unknown,1,0
862-JKL,LEAK,1,0
862-JKL,Unknown,1,0
863-DEF,TEMP_OOS,1,0
863-JKL,Unknown,1,0
864-GHI,TORQ_OOS,1,0
864-GHI,Unknown,1,0
864-JKL,TORQ_OOS,1,0
865-ABC,Unknown,1,0
865-ABC,VISUAL,1,0
865-DEF,TORQ_OOS,1,0
865-GHI,TORQ_OOS,1,0
866-ABC,Unknown,1,0
866-DEF,Unknown,1,0
866-JKL,VISUAL,1,0
867-JKL,LEAK,1,0
868-GHI,TORQ_OOS,1,0
868-GHI,Unknown,1,0
869-DEF,Unknown,1,0
869-DEF,VISUAL,1,0
869-GHI,Unknown,1,0
870-DEF,LEAK,1,0
870-DEF,TEMP_OOS,1,0
870-DEF,TORQ_OOS,1,0
870-DEF,Unknown,1,0
871-ABC,TEMP_OOS,1,0
871-GHI,TEMP_OOS,1,0
871-JKL,LEAK,1,0
871-JKL,Unknown,1,0
872-ABC,Unknown,1,0
872-GHI,VISUAL,1,0
873-ABC,Unknown,1,0
873-ABC,VISUAL,1,0
873-GHI,VISUAL,1,0
874-ABC,VISUAL,1,0
874-DEF,TORQ_OOS,1,0
874-GHI,TEMP_OOS,1,0
874-GHI,VISUAL,1,0
874-JKL,TORQ_OOS,1,0
875-GHI,TEMP_OOS,1,0
875-GHI,Unknown,1,0
875-JKL,TORQ_OOS,1,0
876-DEF,TEMP_OOS,1,0
878-ABC,TORQ_OOS,1,0
878-JKL,TEMP_OOS,1,0
879-ABC,Unknown,1,0
879-GHI,LEAK,1,0
879-GHI,TORQ_OOS,1,0
879-GHI,Unknown,1,0
880-GHI,LEAK,1,0
880-GHI,Unknown,1,0
881-ABC,TORQ_OOS,1,0
881-ABC,VISUAL,1,0
881-DEF,VISUAL,1,0
881-GHI,Unknown,1,0
882-GHI,LEAK,1,0
882-GHI,Unknown,1,0
883-ABC,TEMP_OOS,1,0
883-DEF,TORQ_OOS,1,0
883-JKL,TEMP_OOS,1,0
884-GHI,LEAK,1,0
884-JKL,TORQ_OOS,1,0
884-JKL,Unknown,1,0
885-GHI,Unknown,1,0
885-JKL,TORQ_OOS,1,0
886-ABC,LEAK,1,0
886-DEF,VISUAL,1,0
886-GHI,LEAK,1,0
887-DEF,LEAK,1,0
887-GHI,TEMP_OOS,1,0
887-GHI,Unknown,1,0
887-GHI,VISUAL,1,0
887-JKL,VISUAL,1,0
888-ABC,Unknown,1,0
888-DEF,TORQ_OOS,1,0
888-GHI,LEAK,1,0
888-GHI,TEMP_OOS,1,0
888-GHI,Unknown,1,0
889-ABC,Unknown,1,0
889-DEF,LEAK,1,0
889-DEF,TEMP_OOS,1,0
889-GHI,TORQ_OOS,1,0
889-GHI,Unknown,1,0
889-JKL,VISUAL,1,0
890-DEF,Unknown,1,0
890-GHI,TORQ_OOS,1,0
890-JKL,Unknown,1,0
891-ABC,TEMP_OOS,1,0
891-DEF,TEMP_OOS,1,0
891-DEF,Unknown,1,0
891-GHI,TEMP_OOS,1,0
891-JKL,TEMP_OOS,1,0
892-ABC,VISUAL,1,0
892-GHI,TORQ_OOS,1,0
892-JKL,TEMP_OOS,1,0
893-DEF,LEAK,1,0
893-JKL,VISUAL,1,0
894-ABC,TEMP_OOS,1,0
894-ABC,VISUAL,1,0
894-DEF,Unknown,1,0
894-GHI,Unknown,1,0
894-JKL,LEAK,1,0
894-JKL,VISUAL,1,0
895-JKL,VISUAL,1,0
896-ABC,Unknown,1,0
896-GHI,TORQ_OOS,1,0
896-JKL,LEAK,1,0
897-ABC,LEAK,1,0
897-ABC,TORQ_OOS,1,0
897-ABC,Unknown,1,0
897-DEF,LEAK,1,0
897-DEF,Unknown,1,0
897-JKL,VISUAL,1,0
898-ABC,TEMP_OOS,1,0
898-GHI,TORQ_OOS,1,0
898-JKL,TORQ_OOS,1,0
898-JKL,Unknown,1,0
899-ABC,TEMP_OOS,1,0
899-ABC,VISUAL,1,0
899-DEF,TEMP_OOS,1,0
899-JKL,TEMP_OOS,1,0
900-DEF,TORQ_OOS,1,0
900-GHI,LEAK,1,0
901-DEF,LEAK,1,0
901-DEF,TORQ_OOS,1,0
901-DEF,VISUAL,1,0
901-GHI,Unknown,1,0
902-GHI,TEMP_OOS,1,0
902-JKL,TORQ_OOS,1,0
903-ABC,LEAK,1,0
903-ABC,TEMP_OOS,1,0
903-DEF,Unknown,1,0
903-JKL,LEAK,1,0
903-JKL,TORQ_OOS,1,0
903-JKL,Unknown,1,0
904-ABC,TORQ_OOS,1,0
904-GHI,LEAK,1,0
905-ABC,Unknown,1,0
905-DEF,TORQ_OOS,1,0
905-DEF,Unknown,1,0
905-GHI,Unknown,1,0
905-GHI,VISUAL,1,0
906-ABC,TEMP_OOS,1,0
906-DEF,TEMP_OOS,1,0
906-GHI,LEAK,1,0
906-JKL,LEAK,1,0
906-JKL,Unknown,1,0
907-JKL,LEAK,1,0
907-JKL,TEMP_OOS,1,0
907-JKL,TORQ_OOS,1,0
908-ABC,VISUAL,1,0
908-DEF,LEAK,1,0
908-DEF,Unknown,1,0
908-GHI,TORQ_OOS,1,0
908-GHI,Unknown,1,0
909-ABC,VISUAL,1,0
909-DEF,Unknown,1,0
909-GHI,LEAK,1,0
909-GHI,TORQ_OOS,1,0
909-JKL,TEMP_OOS,1,0
909-JKL,Unknown,1,0
910-GHI,Unknown,1,0
910-JKL,TEMP_OOS,1,0
911-ABC,TEMP_OOS,1,0
911-ABC,TORQ_OOS,1,0
911-DEF,LEAK,1,0
911-DEF,TORQ_OOS,1,0
912-ABC,TORQ_OOS,1,0
912-ABC,Unknown,1,0
912-DEF,TEMP_OOS,1,0
912-GHI,Unknown,1,0
913-GHI,LEAK,1,0
913-JKL,TEMP_OOS,1,0
914-ABC,TORQ_OOS,1,0
914-ABC,Unknown,1,0
914-DEF,LEAK,1,0
914-JKL,TORQ_OOS,1,0
915-DEF,VISUAL,1,0
915-GHI,TORQ_OOS,1,0
915-JKL,VISUAL,1,0
916-DEF,Unknown,1,0
916-GHI,LEAK,1,0
916-GHI,TORQ_OOS,1,0
916-GHI,VISUAL,1,0
916-JKL,TORQ_OOS,1,0
917-ABC,TORQ_OOS,1,0
917-ABC,Unknown,1,0
917-DEF,TORQ_OOS,1,0
917-GHI,LEAK,1,0
917-GHI,TEMP_OOS,1,0
917-JKL,Unknown,1,0
918-DEF,VISUAL,1,0
918-GHI,Unknown,1,0
919-ABC,VISUAL,1,0
919-DEF,TORQ_OOS,1,0
919-DEF,VISUAL,1,0
919-GHI,LEAK,1,0
919-GHI,TORQ_OOS,1,0
919-GHI,Unknown,1,0
919-JKL,TORQ_OOS,1,0
920-ABC,Unknown,1,0
920-DEF,LEAK,1,0
920-JKL,Unknown,1,0
921-DEF,TEMP_OOS,1,0
921-DEF,TORQ_OOS,1,0
921-GHI,TEMP_OOS,1,0
921-JKL,TORQ_OOS,1,0
921-JKL,Unknown,1,0
922-GHI,TORQ_OOS,1,0
922-JKL,Unknown,1,0
923-DEF,LEAK,1,0
923-GHI,TORQ_OOS,1,0
923-JKL,TEMP_OOS,1,0
924-ABC,LEAK,1,0
924-ABC,TEMP_OOS,1,0
924-ABC,TORQ_OOS,1,0
924-DEF,LEAK,1,0
924-DEF,VISUAL,1,0
924-GHI,TEMP_OOS,1,0
924-JKL,Unknown,1,0
924-JKL,VISUAL,1,0
925-ABC,Unknown,1,0
925-ABC,VISUAL,1,0
925-DEF,Unknown,1,0
925-JKL,LEAK,1,0
925-JKL,VISUAL,1,0
926-DEF,LEAK,1,0
926-DEF,Unknown,1,0
926-GHI,Unknown,1,0
926-JKL,TORQ_OOS,1,0
927-ABC,Unknown,1,0
927-DEF,Unknown,1,0
927-DEF,VISUAL,1,0
927-GHI,TORQ_OOS,1,0
928-ABC,Unknown,1,0
928-DEF,TEMP_OOS,1,0
928-GHI,Unknown,1,0
928-JKL,Unknown,1,0
929-GHI,TEMP_OOS,1,0
929-JKL,LEAK,1,0
929-JKL,TORQ_OOS,1,0
929-JKL,Unknown,1,0
930-ABC,Unknown,1,0
930-DEF,LEAK,1,0
930-GHI,TEMP_OOS,1,0
930-GHI,Unknown,1,0
930-JKL,TEMP_OOS,1,0
931-ABC,TEMP_OOS,1,0
931-DEF,TORQ_OOS,1,0
931-GHI,LEAK,1,0
932-ABC,Unknown,1,0
932-GHI,Unknown,1,0
932-JKL,LEAK,1,0
933-GHI,Unknown,1,0
933-JKL,TEMP_OOS,1,0
933-JKL,VISUAL,1,0
934-DEF,LEAK,1,0
934-JKL,LEAK,1,0
934-JKL,VISUAL,1,0
935-ABC,TEMP_OOS,1,0
935-ABC,Unknown,1,0
935-DEF,TORQ_OOS,1,0
935-GHI,Unknown,1,0
935-JKL,TORQ_OOS,1,0
937-ABC,TORQ_OOS,1,0
937-JKL,LEAK,1,0
938-ABC,LEAK,1,0
938-GHI,TEMP_OOS,1,0
938-GHI,VISUAL,1,0
938-JKL,VISUAL,1,0
939-ABC,LEAK,1,0
939-ABC,TORQ_OOS,1,0
939-DEF,TEMP_OOS,1,0
939-DEF,Unknown,1,0
939-JKL,Unknown,1,0
940-ABC,LEAK,1,0
941-DEF,TORQ_OOS,1,0
941-DEF,Unknown,1,0
941-GHI,TORQ_OOS,1,0
941-JKL,LEAK,1,0
942-GHI,TORQ_OOS,1,0
942-GHI,Unknown,1,0
942-JKL,TEMP_OOS,1,0
942-JKL,Unknown,1,0
943-ABC,Unknown,1,0
943-GHI,Unknown,1,0
943-JKL,TEMP_OOS,1,0
943-JKL,TORQ_OOS,1,0
944-JKL,TORQ_OOS,1,0
944-JKL,Unknown,1,0
944-JKL,VISUAL,1,0
945-GHI,Unknown,1,0
945-JKL,LEAK,1,0
946-ABC,LEAK,1,0
946-ABC,Unknown,1,0
946-ABC,VISUAL,1,0
946-JKL,Unknown,1,0
947-ABC,LEAK,1,0
947-DEF,Unknown,1,0
948-ABC,Unknown,1,0
948-ABC,VISUAL,1,0
948-DEF,VISUAL,1,0
950-ABC,TEMP_OOS,1,0
950-GHI,Unknown,1,0
950-JKL,TORQ_OOS,1,0
951-ABC,Unknown,1,0
951-JKL,TORQ_OOS,1,0
952-ABC,VISUAL,1,0
952-DEF,Unknown,1,0
952-DEF,VISUAL,1,0
952-GHI,LEAK,1,0
953-ABC,TEMP_OOS,1,0
953-DEF,TEMP_OOS,1,0
953-DEF,Unknown,1,0
953-JKL,Unknown,1,0
954-ABC,LEAK,1,0
954-ABC,TORQ_OOS,1,0
954-ABC,Unknown,1,0
954-ABC,VISUAL,1,0
954-GHI,TORQ_OOS,1,0
954-JKL,TORQ_OOS,1,0
955-ABC,TORQ_OOS,1,0
955-ABC,Unknown,1,0
955-GHI,TORQ_OOS,1,0
955-GHI,VISUAL,1,0
956-DEF,Unknown,1,0
957-ABC,LEAK,1,0
957-DEF,TORQ_OOS,1,0
957-DEF,Unknown,1,0
957-JKL,Unknown,1,0
958-DEF,Unknown,1,0
959-ABC,TEMP_OOS,1,0
959-GHI,TEMP_OOS,1,0
960-DEF,Unknown,1,0
960-GHI,TEMP_OOS,1,0
960-JKL,TORQ_OOS,1,0
961-ABC,LEAK,1,0
961-ABC,TEMP_OOS,1,0
961-ABC,VISUAL,1,0
961-GHI,LEAK,1,0
962-ABC,LEAK,1,0
962-ABC,VISUAL,1,0
962-DEF,TORQ_OOS,1,0
962-DEF,Unknown,1,0
962-GHI,LEAK,1,0
962-JKL,TEMP_OOS,1,0
963-ABC,TORQ_OOS,1,0
963-DEF,LEAK,1,0
963-DEF,TORQ_OOS,1,0
963-DEF,Unknown,1,0
963-JKL,TORQ_OOS,1,0
963-JKL,Unknown,1,0
964-ABC,LEAK,1,0
964-ABC,Unknown,1,0
964-DEF,TEMP_OOS,1,0
964-GHI,Unknown,1,0
965-DEF,VISUAL,1,0
965-GHI,TORQ_OOS,1,0
966-DEF,LEAK,1,0
966-GHI,TEMP_OOS,1,0
966-JKL,TORQ_OOS,1,0
966-JKL,Unknown,1,0
967-ABC,TEMP_OOS,1,0
967-ABC,TORQ_OOS,1,0
967-DEF,TEMP_OOS,1,0
967-GHI,Unknown,1,0
968-ABC,Unknown,1,0
968-ABC,VISUAL,1,0
968-GHI,TORQ_OOS,1,0
968-GHI,Unknown,1,0
968-JKL,VISUAL,1,0
969-JKL,LEAK,1,0
969-JKL,TORQ_OOS,1,0
970-ABC,Unknown,1,0
970-DEF,TEMP_OOS,1,0
970-DEF,Unknown,1,0
970-JKL,Unknown,1,0
971-ABC,LEAK,1,0
971-GHI,TORQ_OOS,1,0
971-GHI,Unknown,1,0
971-GHI,VISUAL,1,0
972-ABC,LEAK,1,0
972-ABC,Unknown,1,0
972-DEF,Unknown,1,0
972-GHI,TORQ_OOS,1,0
972-JKL,TEMP_OOS,1,0
972-JKL,TORQ_OOS,1,0
972-JKL,Unknown,1,0
973-DEF,Unknown,1,0
973-GHI,Unknown,1,0
973-JKL,LEAK,1,0
974-ABC,VISUAL,1,0
974-DEF,TEMP_OOS,1,0
974-DEF,Unknown,1,0
975-DEF,LEAK,1,0
975-JKL,TORQ_OOS,1,0
976-ABC,LEAK,1,0
976-DEF,LEAK,1,0
976-JKL,Unknown,1,0
977-ABC,LEAK,1,0
977-JKL,TORQ_OOS,1,0
978-ABC,TORQ_OOS,1,0
978-JKL,TEMP_OOS,1,0
978-JKL,Unknown,1,0
979-GHI,TORQ_OOS,1,0
980-ABC,TORQ_OOS,1,0
980-DEF,TEMP_OOS,1,0
980-DEF,TORQ_OOS,1,0
980-GHI,VISUAL,1,0
981-ABC,LEAK,1,0
981-ABC,TEMP_OOS,1,0
981-DEF,LEAK,1,0
982-ABC,Unknown,1,0
982-JKL,LEAK,1,0
982-JKL,Unknown,1,0
983-ABC,TORQ_OOS,1,0
983-ABC,Unknown,1,0
983-JKL,TEMP_OOS,1,0
984-GHI,Unknown,1,0
984-JKL,TORQ_OOS,1,0
985-ABC,Unknown,1,0
985-DEF,TORQ_OOS,1,0
985-GHI,Unknown,1,0
986-ABC,TORQ_OOS,1,0
986-DEF,Unknown,1,0
986-DEF,VISUAL,1,0
986-GHI,LEAK,1,0
986-GHI,TORQ_OOS,1,0
986-GHI,VISUAL,1,0
986-JKL,Unknown,1,0
987-ABC,TORQ_OOS,1,0
987-GHI,Unknown,1,0
987-JKL,Unknown,1,0
988-ABC,TEMP_OOS,1,0
988-ABC,TORQ_OOS,1,0
988-DEF,Unknown,1,0
988-GHI,LEAK,1,0
988-GHI,TEMP_OOS,1,0
989-DEF,LEAK,1,0
989-DEF,Unknown,1,0
989-DEF,VISUAL,1,0
989-JKL,TORQ_OOS,1,0
990-ABC,TEMP_OOS,1,0
990-ABC,TORQ_OOS,1,0
990-JKL,TORQ_OOS,1,0
991-ABC,TEMP_OOS,1,0
991-DEF,TEMP_OOS,1,0
991-DEF,Unknown,1,0
992-ABC,TORQ_OOS,1,0
992-DEF,Unknown,1,0
993-DEF,Unknown,1,0
993-JKL,Unknown,1,0
994-ABC,LEAK,1,0
994-ABC,Unknown,1,0
994-GHI,LEAK,1,0
994-JKL,Unknown,1,0
995-ABC,TORQ_OOS,1,0
995-DEF,Unknown,1,0
995-JKL,LEAK,1,0
995-JKL,TEMP_OOS,1,0
996-ABC,TORQ_OOS,1,0
996-ABC,Unknown,1,0
996-GHI,TORQ_OOS,1,0
997-DEF,Unknown,1,0
997-GHI,Unknown,1,0
998-ABC,Unknown,1,0
998-DEF,TORQ_OOS,1,0
998-JKL,TORQ_OOS,1,0
998-JKL,Unknown,1,0
